CountryName,code,CoverageType,ppp_2005_v1_v1,ppp_2011_v1_v1,ppp_2011_v1_v2,ppp_2011_v2_v1,ppp_2011_v2_v2,ppp_2017_v1_v1,ppp_2017_v1_v2,ppp_2021_v1_v1,ppp_2021_v1_v2,source_ppp_2011,source_ppp_2005,datalevel,ppp_domain,ppp_domain_value,oldicp2005,oldicp2011,Seriesname,note_may192020,ppp_2017_v1_v2_note,source_2017_v2_v1,method_2017_v2_v1,ref_2017_v2_v1,link_2017_v2_v1,source_2021_v1_v1,method_2021_v1_v1,ref_2021_v1_v1,link_2021_v1_v1,note_2021_v1_v1
Aruba,ABW,National,,1.65275,1.6527513,1.6377631,1.6377631,1.4804807,1.4804807,1.5134438,1.5134438,1,,2,1,1,,,9100000:HOUSEHOLDS AND NPISHS FINAL CONSUMPTION EXPENDITURE,,,ICP,,World Bank (forthcoming),https://databank.worldbank.org/source/icp-2021,ICP,,World Bank (forthcoming),https://databank.worldbank.org/source/icp-2021,"ClassificationName: Purchasing power parity (PPP) (US$ = 1), SeriesCode: 9100000"
Afghanistan,AFG,National,,17.7179,17.71788,16.788313,16.788313,17.360185,17.360185,15.989781,15.989781,1,,2,1,1,,17.7179,9100000:HOUSEHOLDS AND NPISHS FINAL CONSUMPTION EXPENDITURE,,,ICP,,World Bank (forthcoming),https://databank.worldbank.org/source/icp-2021,ICP,,World Bank (forthcoming),https://databank.worldbank.org/source/icp-2021,"ClassificationName: Purchasing power parity (PPP) (US$ = 1), SeriesCode: 9100000"
Angola,AGO,National,70.5048,73.8331,73.833119,80.931801,80.931801,107.26999,107.26999,203.68874,203.68874,1,1,2,1,1,,73.8331,9100000:HOUSEHOLDS AND NPISHS FINAL CONSUMPTION EXPENDITURE,,,ICP,,World Bank (forthcoming),https://databank.worldbank.org/source/icp-2021,ICP,,World Bank (forthcoming),https://databank.worldbank.org/source/icp-2021,"ClassificationName: Purchasing power parity (PPP) (US$ = 1), SeriesCode: 9100000"
Anguilla,AIA,National,,2.59112,2.5911183,2.5018442,2.5018442,2.5945959,2.5945959,2.4383831,2.4383831,1,,2,1,1,,,9100000:HOUSEHOLDS AND NPISHS FINAL CONSUMPTION EXPENDITURE,,,ICP,,World Bank (forthcoming),https://databank.worldbank.org/source/icp-2021,ICP,,World Bank (forthcoming),https://databank.worldbank.org/source/icp-2021,"ClassificationName: Purchasing power parity (PPP) (US$ = 1), SeriesCode: 9100000"
Albania,ALB,National,60.4101,58.168,58.16801,54.652584,54.652584,50.357372,50.357372,50.772305,50.772305,1,1,2,1,1,60.41,58.168,9100000:HOUSEHOLDS AND NPISHS FINAL CONSUMPTION EXPENDITURE,,,ICP,,World Bank (forthcoming),https://databank.worldbank.org/source/icp-2021,ICP,,World Bank (forthcoming),https://databank.worldbank.org/source/icp-2021,"ClassificationName: Purchasing power parity (PPP) (US$ = 1), SeriesCode: 9100000"
,AND,National,,,,,,,,.63906884,.63906884,,,2,,,,,,,,ICP,,World Bank (forthcoming),https://databank.worldbank.org/source/icp-2021,ICP,,World Bank (forthcoming),https://databank.worldbank.org/source/icp-2021,"ClassificationName: Purchasing power parity (PPP) (US$ = 1), SeriesCode: 9100000"
United Arab Emirates,ARE,National,,2.71822,2.7182157,2.3966532,2.3966532,2.8348439,2.8348439,2.7276018,2.7276018,1,,2,1,1,,,9100000:HOUSEHOLDS AND NPISHS FINAL CONSUMPTION EXPENDITURE,,,ICP,,World Bank (forthcoming),https://databank.worldbank.org/source/icp-2021,ICP,,World Bank (forthcoming),https://databank.worldbank.org/source/icp-2021,"ClassificationName: Purchasing power parity (PPP) (US$ = 1), SeriesCode: 9100000"
Argentina,ARG,National,1.3526,2.76838,2.768382,3.1611636,3.1611636,10.80794,10.80794,42.98624,42.98624,1,1,2,1,1,1.353,2.76838,9100000:HOUSEHOLDS AND NPISHS FINAL CONSUMPTION EXPENDITURE,,,ICP,,World Bank (forthcoming),https://databank.worldbank.org/source/icp-2021,ICP,,World Bank (forthcoming),https://databank.worldbank.org/source/icp-2021,"ClassificationName: Purchasing power parity (PPP) (US$ = 1), SeriesCode: 9100000"
Armenia,ARM,National,196.189,183.78,183.77959,165.62904,165.62904,167.31221,167.31221,164.22649,164.22649,1,1,2,1,1,196.2,183.78,9100000:HOUSEHOLDS AND NPISHS FINAL CONSUMPTION EXPENDITURE,,,ICP,,World Bank (forthcoming),https://databank.worldbank.org/source/icp-2021,ICP,,World Bank (forthcoming),https://databank.worldbank.org/source/icp-2021,"ClassificationName: Purchasing power parity (PPP) (US$ = 1), SeriesCode: 9100000"
American Samoa,ASM,National,,,.92116933,.92116933,.92116933,,,,,1,,2,1,1,,,9100000:HOUSEHOLDS AND NPISHS FINAL CONSUMPTION EXPENDITURE,,,,,,,,,,,
Antigua and Barbuda,ATG,National,,2.19997,2.1999743,2.2019014,2.2019014,2.4681172,2.4681172,2.1421702,2.1421702,1,,2,1,1,,,9100000:HOUSEHOLDS AND NPISHS FINAL CONSUMPTION EXPENDITURE,,,ICP,,World Bank (forthcoming),https://databank.worldbank.org/source/icp-2021,ICP,,World Bank (forthcoming),https://databank.worldbank.org/source/icp-2021,"ClassificationName: Purchasing power parity (PPP) (US$ = 1), SeriesCode: 9100000"
Australia,AUS,National,1.46414,1.52664,1.5266415,1.5258403,1.5258403,1.5293353,1.5293353,1.5098714,1.5098714,1,1,2,1,1,,,9100000:HOUSEHOLDS AND NPISHS FINAL CONSUMPTION EXPENDITURE,,,ICP,,World Bank (forthcoming),https://databank.worldbank.org/source/icp-2021,ICP,,World Bank (forthcoming),https://databank.worldbank.org/source/icp-2021,"ClassificationName: Purchasing power parity (PPP) (US$ = 1), SeriesCode: 9100000"
Austria,AUT,National,.890457,.847584,.84758385,.85144228,.85144228,.83094615,.83094615,.75384015,.75384015,1,1,2,1,1,.89,.847584,9100000:HOUSEHOLDS AND NPISHS FINAL CONSUMPTION EXPENDITURE,,,ICP,,World Bank (forthcoming),https://databank.worldbank.org/source/icp-2021,ICP,,World Bank (forthcoming),https://databank.worldbank.org/source/icp-2021,"ClassificationName: Purchasing power parity (PPP) (US$ = 1), SeriesCode: 9100000"
Azerbaijan,AZE,National,1736.75,.329419,.32941871,.32344002,.32344002,.48696604,.48696604,.4827565,.4827565,1,1,2,1,1,1736.75,1647.09,9100000:HOUSEHOLDS AND NPISHS FINAL CONSUMPTION EXPENDITURE,,,ICP,,World Bank (forthcoming),https://databank.worldbank.org/source/icp-2021,ICP,,World Bank (forthcoming),https://databank.worldbank.org/source/icp-2021,"ClassificationName: Purchasing power parity (PPP) (US$ = 1), SeriesCode: 9100000"
Burundi,BDI,National,447.036,487.327,487.32728,496.11664,496.11664,654.42157,654.42157,657.4093,657.4093,1,1,2,1,1,,487.327,9100000:HOUSEHOLDS AND NPISHS FINAL CONSUMPTION EXPENDITURE,,,ICP,,World Bank (forthcoming),https://databank.worldbank.org/source/icp-2021,ICP,,World Bank (forthcoming),https://databank.worldbank.org/source/icp-2021,"ClassificationName: Purchasing power parity (PPP) (US$ = 1), SeriesCode: 9100000"
Belgium,BEL,National,.926074,.879014,.87901397,.87774771,.87774771,.84532344,.84532344,.77857441,.77857441,1,1,2,1,1,.93,.879014,9100000:HOUSEHOLDS AND NPISHS FINAL CONSUMPTION EXPENDITURE,,,ICP,,World Bank (forthcoming),https://databank.worldbank.org/source/icp-2021,ICP,,World Bank (forthcoming),https://databank.worldbank.org/source/icp-2021,"ClassificationName: Purchasing power parity (PPP) (US$ = 1), SeriesCode: 9100000"
Benin,BEN,National,275.189,224.917,224.91722,225.41248,225.41248,219.47627,219.47627,219.01109,219.01109,1,1,2,1,1,,224.917,9100000:HOUSEHOLDS AND NPISHS FINAL CONSUMPTION EXPENDITURE,,,ICP,,World Bank (forthcoming),https://databank.worldbank.org/source/icp-2021,ICP,,World Bank (forthcoming),https://databank.worldbank.org/source/icp-2021,"ClassificationName: Purchasing power parity (PPP) (US$ = 1), SeriesCode: 9100000"
Bonaire Island,BES,National,,.919289,.91928877,,,,,,,1,,2,1,1,,,,,,,,,,,,,,
Burkina Faso,BFA,National,242.417,222.242,222.24197,223.07281,223.07281,199.74138,199.74138,192.50424,192.50424,1,1,2,1,1,,222.242,9100000:HOUSEHOLDS AND NPISHS FINAL CONSUMPTION EXPENDITURE,,,ICP,,World Bank (forthcoming),https://databank.worldbank.org/source/icp-2021,ICP,,World Bank (forthcoming),https://databank.worldbank.org/source/icp-2021,"ClassificationName: Purchasing power parity (PPP) (US$ = 1), SeriesCode: 9100000"
Bangladesh,BGD,National,25.4939,24.8492,24.849155,24.732119,24.732119,29.514082,29.514082,29.21488,29.21488,1,1,2,1,1,25.494,24.8492,9100000:HOUSEHOLDS AND NPISHS FINAL CONSUMPTION EXPENDITURE,,,ICP,,World Bank (forthcoming),https://databank.worldbank.org/source/icp-2021,ICP,,World Bank (forthcoming),https://databank.worldbank.org/source/icp-2021,"ClassificationName: Purchasing power parity (PPP) (US$ = 1), SeriesCode: 9100000"
Bulgaria,BGR,National,.73688,.765068,.765068,.79387558,.79387558,.73540497,.73540497,.74488741,.74488741,1,1,2,1,1,.7369,.765068,9100000:HOUSEHOLDS AND NPISHS FINAL CONSUMPTION EXPENDITURE,,,ICP,,World Bank (forthcoming),https://databank.worldbank.org/source/icp-2021,ICP,,World Bank (forthcoming),https://databank.worldbank.org/source/icp-2021,"ClassificationName: Purchasing power parity (PPP) (US$ = 1), SeriesCode: 9100000"
Bahrain,BHR,National,.319422,.215387,.21538725,.17862727,.17862727,.20411208,.20411208,.2086973,.2086973,1,1,2,1,1,,,9100000:HOUSEHOLDS AND NPISHS FINAL CONSUMPTION EXPENDITURE,,,ICP,,World Bank (forthcoming),https://databank.worldbank.org/source/icp-2021,ICP,,World Bank (forthcoming),https://databank.worldbank.org/source/icp-2021,"ClassificationName: Purchasing power parity (PPP) (US$ = 1), SeriesCode: 9100000"
"Bahamas, The",BHS,National,1.207,1.1509,1.1508992,1.1252339,1.1252339,1.1028529,1.1028529,1.172495,1.172495,1,4,2,1,1,1.207,1.1509,9100000:HOUSEHOLDS AND NPISHS FINAL CONSUMPTION EXPENDITURE,,,ICP,,World Bank (forthcoming),https://databank.worldbank.org/source/icp-2021,ICP,,World Bank (forthcoming),https://databank.worldbank.org/source/icp-2021,"ClassificationName: Purchasing power parity (PPP) (US$ = 1), SeriesCode: 9100000"
Bosnia and Herzegovina,BIH,National,.868048,.866936,.86693565,.85446233,.85446233,.78186691,.78186691,.74940193,.74940193,1,1,2,1,1,.868,.866936,9100000:HOUSEHOLDS AND NPISHS FINAL CONSUMPTION EXPENDITURE,,,ICP,,World Bank (forthcoming),https://databank.worldbank.org/source/icp-2021,ICP,,World Bank (forthcoming),https://databank.worldbank.org/source/icp-2021,"ClassificationName: Purchasing power parity (PPP) (US$ = 1), SeriesCode: 9100000"
Belarus,BLR,National,759.623,1832.44,1832.4348,.18526559,1852.6559,.61652094,6165.2094,.73958623,7395.8623,1,1,2,1,1,759.6,1832.43,9100000:HOUSEHOLDS AND NPISHS FINAL CONSUMPTION EXPENDITURE,,,ICP,Multiply ICP PPP by currency,World Bank (forthcoming),https://databank.worldbank.org/source/icp-2021,ICP,Multiply ICP PPP by currency,World Bank (forthcoming),https://databank.worldbank.org/source/icp-2021,"ClassificationName: Purchasing power parity (PPP) (US$ = 1), SeriesCode: 9100000"
Belize,BLZ,National,1.724,1.18261,1.1826112,1.1740233,1.1740233,1.4770029,1.3090237,1.1165386,1.1165386,1,4,2,1,1,1.724,1.18261,9100000:HOUSEHOLDS AND NPISHS FINAL CONSUMPTION EXPENDITURE,,Revised 2017 - Dec 9 2021,PIP,Average of official and imputed PPP,Jolliffe et al. (2022),https://documents1.worldbank.org/curated/en/353811645450974574/pdf/Assessing-the-Impact-of-the-2017-PPPs-on-the-International-Poverty-Line-and-Global-Poverty.pdf,ICP,,World Bank (forthcoming),https://databank.worldbank.org/source/icp-2021,"ClassificationName: Purchasing power parity (PPP) (US$ = 1), SeriesCode: 9100000"
Bermuda,BMU,National,,1.90009,1.9000926,1.8262528,1.8262528,1.5756636,1.5756636,1.4413506,1.4413506,1,,2,1,1,,,9100000:HOUSEHOLDS AND NPISHS FINAL CONSUMPTION EXPENDITURE,,,ICP,,World Bank (forthcoming),https://databank.worldbank.org/source/icp-2021,ICP,,World Bank (forthcoming),https://databank.worldbank.org/source/icp-2021,"ClassificationName: Purchasing power parity (PPP) (US$ = 1), SeriesCode: 9100000"
Bolivia,BOL,National,2.5708,2.90611,2.9061057,2.8910251,2.8910251,2.6119339,2.6119339,2.4478323,2.4478323,1,1,2,1,1,2.571,2.90611,9100000:HOUSEHOLDS AND NPISHS FINAL CONSUMPTION EXPENDITURE,,,ICP,,World Bank (forthcoming),https://databank.worldbank.org/source/icp-2021,ICP,,World Bank (forthcoming),https://databank.worldbank.org/source/icp-2021,"ClassificationName: Purchasing power parity (PPP) (US$ = 1), SeriesCode: 9100000"
Bonaire,BON,National,,,,.91766346,.91766346,.81189823,.81189823,.71578807,.71578807,,,2,1,1,,,9100000:HOUSEHOLDS AND NPISHS FINAL CONSUMPTION EXPENDITURE,,,ICP,,World Bank (forthcoming),https://databank.worldbank.org/source/icp-2021,ICP,,World Bank (forthcoming),https://databank.worldbank.org/source/icp-2021,"ClassificationName: Purchasing power parity (PPP) (US$ = 1), SeriesCode: 9100000"
Brazil,BRA,National,1.57132,1.65878,1.6587826,1.6512214,1.6512214,2.3273771,2.3273771,2.4498632,2.4498632,1,1,2,1,1,1.571,1.65878,9100000:HOUSEHOLDS AND NPISHS FINAL CONSUMPTION EXPENDITURE,,,ICP,,World Bank (forthcoming),https://databank.worldbank.org/source/icp-2021,ICP,,World Bank (forthcoming),https://databank.worldbank.org/source/icp-2021,"ClassificationName: Purchasing power parity (PPP) (US$ = 1), SeriesCode: 9100000"
Barbados,BRB,National,,2.41288,2.4128809,2.3930857,2.3930857,2.3705227,2.3705227,2.6373,2.6373,1,,2,1,1,,,9100000:HOUSEHOLDS AND NPISHS FINAL CONSUMPTION EXPENDITURE,,,ICP,,World Bank (forthcoming),https://databank.worldbank.org/source/icp-2021,ICP,,World Bank (forthcoming),https://databank.worldbank.org/source/icp-2021,"ClassificationName: Purchasing power parity (PPP) (US$ = 1), SeriesCode: 9100000"
Brunei Darussalam,BRN,National,1.07945,.852739,.8527394,.83194989,.83194989,.69661605,.69661605,.60637331,.60637331,1,1,2,1,1,,,9100000:HOUSEHOLDS AND NPISHS FINAL CONSUMPTION EXPENDITURE,,,ICP,,World Bank (forthcoming),https://databank.worldbank.org/source/icp-2021,ICP,,World Bank (forthcoming),https://databank.worldbank.org/source/icp-2021,"ClassificationName: Purchasing power parity (PPP) (US$ = 1), SeriesCode: 9100000"
Bhutan,BTN,National,18.4643,16.9629,16.962907,17.043585,17.043585,20.473787,20.473787,21.36116,21.36116,1,1,2,1,1,18.464,16.9629,9100000:HOUSEHOLDS AND NPISHS FINAL CONSUMPTION EXPENDITURE,,,ICP,,World Bank (forthcoming),https://databank.worldbank.org/source/icp-2021,ICP,,World Bank (forthcoming),https://databank.worldbank.org/source/icp-2021,"ClassificationName: Purchasing power parity (PPP) (US$ = 1), SeriesCode: 9100000"
Botswana,BWA,National,3.38445,4.43805,4.4380527,4.2619219,4.2619219,5.0086632,5.0086632,5.098424,5.098424,1,1,2,1,1,3.38445,4.43805,9100000:HOUSEHOLDS AND NPISHS FINAL CONSUMPTION EXPENDITURE,,,ICP,,World Bank (forthcoming),https://databank.worldbank.org/source/icp-2021,ICP,,World Bank (forthcoming),https://databank.worldbank.org/source/icp-2021,"ClassificationName: Purchasing power parity (PPP) (US$ = 1), SeriesCode: 9100000"
Central African Republic,CAF,National,307.466,267.869,267.8691,265.66141,265.66141,306.80826,306.80826,276.32654,276.32654,1,1,2,1,1,,267.869,9100000:HOUSEHOLDS AND NPISHS FINAL CONSUMPTION EXPENDITURE,,,ICP,,World Bank (forthcoming),https://databank.worldbank.org/source/icp-2021,ICP,,World Bank (forthcoming),https://databank.worldbank.org/source/icp-2021,"ClassificationName: Purchasing power parity (PPP) (US$ = 1), SeriesCode: 9100000"
Canada,CAN,National,1.25999,1.28458,1.2845842,1.2823451,1.2823451,1.2866648,1.2866648,1.2482446,1.2482446,1,1,2,1,1,,,9100000:HOUSEHOLDS AND NPISHS FINAL CONSUMPTION EXPENDITURE,,,ICP,,World Bank (forthcoming),https://databank.worldbank.org/source/icp-2021,ICP,,World Bank (forthcoming),https://databank.worldbank.org/source/icp-2021,"ClassificationName: Purchasing power parity (PPP) (US$ = 1), SeriesCode: 9100000"
Switzerland,CHE,National,1.86504,1.61342,1.6134188,1.5396868,1.5396868,1.3585559,1.3585559,1.2456275,1.2456275,1,1,2,1,1,1.87,1.61342,9100000:HOUSEHOLDS AND NPISHS FINAL CONSUMPTION EXPENDITURE,,,ICP,,World Bank (forthcoming),https://databank.worldbank.org/source/icp-2021,ICP,,World Bank (forthcoming),https://databank.worldbank.org/source/icp-2021,"ClassificationName: Purchasing power parity (PPP) (US$ = 1), SeriesCode: 9100000"
Chile,CHL,National,387.361,391.644,391.64424,386.81726,386.81726,478.9957,478.9957,474.34097,474.34097,1,1,2,1,1,387.361,391.644,9100000:HOUSEHOLDS AND NPISHS FINAL CONSUMPTION EXPENDITURE,,,ICP,,World Bank (forthcoming),https://databank.worldbank.org/source/icp-2021,ICP,,World Bank (forthcoming),https://databank.worldbank.org/source/icp-2021,"ClassificationName: Purchasing power parity (PPP) (US$ = 1), SeriesCode: 9100000"
China,CHN,National,,,3.6961118,3.6975174,3.6975174,4.1466422,4.1466422,4.0128279,4.0128279,1,,2,1,1,,,9100000:HOUSEHOLDS AND NPISHS FINAL CONSUMPTION EXPENDITURE,,,ICP,,World Bank (forthcoming),https://databank.worldbank.org/source/icp-2021,ICP,,World Bank (forthcoming),https://databank.worldbank.org/source/icp-2021,"ClassificationName: Purchasing power parity (PPP) (US$ = 1), SeriesCode: 9100000"
China,CHN,Rural,2.983,3.0365,3.0365,,3.0392219,3.82,3.4950106,,3.4248678,4,4,0,2,2,2.983,3.0365,,"PPP paper 2017, Table A.2",,PIP,Imputation,Jolliffe et al. (2022),https://documents1.worldbank.org/curated/en/353811645450974574/pdf/Assessing-the-Impact-of-the-2017-PPPs-on-the-International-Poverty-Line-and-Global-Poverty.pdf,PIP,Imputation,Jolliffe et al. (forthcoming),https://databank.worldbank.org/source/icp-2021,
China,CHN,Urban,4.08685,3.9043,3.9043,,3.9054002,4.233,4.3184844,,4.1992372,4,4,1,2,1,4.08685,3.9043,,"PPP paper 2017, Table A.2",,PIP,Imputation,Jolliffe et al. (2022),https://documents1.worldbank.org/curated/en/353811645450974574/pdf/Assessing-the-Impact-of-the-2017-PPPs-on-the-International-Poverty-Line-and-Global-Poverty.pdf,PIP,Imputation,Jolliffe et al. (forthcoming),https://databank.worldbank.org/source/icp-2021,
Cote d'Ivoire,CIV,National,325.809,235.688,235.68791,243.46086,243.46086,247.13443,247.13443,238.53996,238.53996,1,1,2,1,1,,235.688,9100000:HOUSEHOLDS AND NPISHS FINAL CONSUMPTION EXPENDITURE,,,ICP,,World Bank (forthcoming),https://databank.worldbank.org/source/icp-2021,ICP,,World Bank (forthcoming),https://databank.worldbank.org/source/icp-2021,"ClassificationName: Purchasing power parity (PPP) (US$ = 1), SeriesCode: 9100000"
Cameroon,CMR,National,294.497,230.375,230.37527,242.67827,242.67827,236.91153,236.91153,201.49289,201.49289,1,1,2,1,1,,230.375,9100000:HOUSEHOLDS AND NPISHS FINAL CONSUMPTION EXPENDITURE,,,ICP,,World Bank (forthcoming),https://databank.worldbank.org/source/icp-2021,ICP,,World Bank (forthcoming),https://databank.worldbank.org/source/icp-2021,"ClassificationName: Purchasing power parity (PPP) (US$ = 1), SeriesCode: 9100000"
"Congo, Democratic Republic of",COD,National,316.232,537.732,537.73235,546.73181,546.73181,630.60553,630.60553,928.60248,928.60248,1,,2,1,1,,537.732,9100000:HOUSEHOLDS AND NPISHS FINAL CONSUMPTION EXPENDITURE,,,ICP,,World Bank (forthcoming),https://databank.worldbank.org/source/icp-2021,ICP,,World Bank (forthcoming),https://databank.worldbank.org/source/icp-2021,"ClassificationName: Purchasing power parity (PPP) (US$ = 1), SeriesCode: 9100000"
"Congo, Republic of",COG,National,375.571,296.5,296.50029,303.72406,303.72406,285.96933,285.96933,242.334,242.334,1,1,2,1,1,,296.5,9100000:HOUSEHOLDS AND NPISHS FINAL CONSUMPTION EXPENDITURE,,,ICP,,World Bank (forthcoming),https://databank.worldbank.org/source/icp-2021,ICP,,World Bank (forthcoming),https://databank.worldbank.org/source/icp-2021,"ClassificationName: Purchasing power parity (PPP) (US$ = 1), SeriesCode: 9100000"
Cook Islands,COK,National,,,,1.5636154,1.5636154,,,,,,,2,1,1,,,9100000:HOUSEHOLDS AND NPISHS FINAL CONSUMPTION EXPENDITURE,,,,,,,,,,,
Colombia,COL,National,1191.74,1196.95,1196.9546,1210.9932,1210.9932,1419.3743,1419.3743,1506.5522,1506.5522,1,1,2,1,1,1191.74,1196.95,9100000:HOUSEHOLDS AND NPISHS FINAL CONSUMPTION EXPENDITURE,,,ICP,,World Bank (forthcoming),https://databank.worldbank.org/source/icp-2021,ICP,,World Bank (forthcoming),https://databank.worldbank.org/source/icp-2021,"ClassificationName: Purchasing power parity (PPP) (US$ = 1), SeriesCode: 9100000"
Comoros,COM,National,294.411,220.572,220.57249,235.60413,235.60413,213.51823,213.51823,228.04779,228.04779,1,1,2,1,1,,220.572,9100000:HOUSEHOLDS AND NPISHS FINAL CONSUMPTION EXPENDITURE,,,ICP,,World Bank (forthcoming),https://databank.worldbank.org/source/icp-2021,ICP,,World Bank (forthcoming),https://databank.worldbank.org/source/icp-2021,"ClassificationName: Purchasing power parity (PPP) (US$ = 1), SeriesCode: 9100000"
Cabo Verde,CPV,National,78.1746,47.5651,47.56514,48.057339,48.057339,47.61211,47.61211,54.404469,54.404469,1,1,2,1,1,,47.5651,9100000:HOUSEHOLDS AND NPISHS FINAL CONSUMPTION EXPENDITURE,,,ICP,,World Bank (forthcoming),https://databank.worldbank.org/source/icp-2021,ICP,,World Bank (forthcoming),https://databank.worldbank.org/source/icp-2021,"ClassificationName: Purchasing power parity (PPP) (US$ = 1), SeriesCode: 9100000"
Costa Rica,CRI,National,278.961,343.786,343.78567,349.40689,349.40689,372.66928,372.66928,363.6524,363.6524,1,4,2,1,1,278.961,343.786,9100000:HOUSEHOLDS AND NPISHS FINAL CONSUMPTION EXPENDITURE,,,ICP,,World Bank (forthcoming),https://databank.worldbank.org/source/icp-2021,ICP,,World Bank (forthcoming),https://databank.worldbank.org/source/icp-2021,"ClassificationName: Purchasing power parity (PPP) (US$ = 1), SeriesCode: 9100000"
Cuba,CUB,National,,.291625,.29162523,.29162523,.29162523,,,,,1,,2,1,1,,,9100000:HOUSEHOLDS AND NPISHS FINAL CONSUMPTION EXPENDITURE,,,,,,,,,,,
Curaçao,CUW,National,,1.42916,1.4291579,1.46216,1.46216,1.4829314,1.4829314,1.4090508,1.4090508,1,,2,1,1,,,9100000:HOUSEHOLDS AND NPISHS FINAL CONSUMPTION EXPENDITURE,,,ICP,,World Bank (forthcoming),https://databank.worldbank.org/source/icp-2021,ICP,,World Bank (forthcoming),https://databank.worldbank.org/source/icp-2021,"ClassificationName: Purchasing power parity (PPP) (US$ = 1), SeriesCode: 9100000"
Cayman Islands,CYM,National,,1.13574,1.1357367,1.1298915,1.1298915,1.1496176,1.1496176,1.1675024,1.1675024,1,,2,1,1,,,9100000:HOUSEHOLDS AND NPISHS FINAL CONSUMPTION EXPENDITURE,,,ICP,,World Bank (forthcoming),https://databank.worldbank.org/source/icp-2021,ICP,,World Bank (forthcoming),https://databank.worldbank.org/source/icp-2021,"ClassificationName: Purchasing power parity (PPP) (US$ = 1), SeriesCode: 9100000"
Cyprus,CYP,National,.452117,.711553,.71155277,.75878894,.75878894,.66816837,.66816837,.62288392,.62288392,1,1,2,1,1,.45,.416453,9100000:HOUSEHOLDS AND NPISHS FINAL CONSUMPTION EXPENDITURE,,,ICP,,World Bank (forthcoming),https://databank.worldbank.org/source/icp-2021,ICP,,World Bank (forthcoming),https://databank.worldbank.org/source/icp-2021,"ClassificationName: Purchasing power parity (PPP) (US$ = 1), SeriesCode: 9100000"
Czech Republic,CZE,National,15.197,14.901,14.900969,14.439109,14.439109,13.651354,13.651354,13.577576,13.577576,1,1,2,1,1,15.2,14.901,9100000:HOUSEHOLDS AND NPISHS FINAL CONSUMPTION EXPENDITURE,,,ICP,,World Bank (forthcoming),https://databank.worldbank.org/source/icp-2021,ICP,,World Bank (forthcoming),https://databank.worldbank.org/source/icp-2021,"ClassificationName: Purchasing power parity (PPP) (US$ = 1), SeriesCode: 9100000"
Germany,DEU,National,.905448,.818029,.8180292,.82706493,.82706493,.7871803,.7871803,.74051845,.74051845,1,1,2,1,1,.91,.818029,9100000:HOUSEHOLDS AND NPISHS FINAL CONSUMPTION EXPENDITURE,,,ICP,,World Bank (forthcoming),https://databank.worldbank.org/source/icp-2021,ICP,,World Bank (forthcoming),https://databank.worldbank.org/source/icp-2021,"ClassificationName: Purchasing power parity (PPP) (US$ = 1), SeriesCode: 9100000"
Djibouti,DJI,National,107.807,101.481,101.48058,100.6241,100.6241,104.73653,104.73653,96.930763,96.930763,1,1,2,1,1,107.807,101.481,9100000:HOUSEHOLDS AND NPISHS FINAL CONSUMPTION EXPENDITURE,,,ICP,,World Bank (forthcoming),https://databank.worldbank.org/source/icp-2021,ICP,,World Bank (forthcoming),https://databank.worldbank.org/source/icp-2021,"ClassificationName: Purchasing power parity (PPP) (US$ = 1), SeriesCode: 9100000"
Dominica,DMA,National,2.372,2.06912,2.0691177,2.03531,2.03531,1.8762481,1.8762481,1.6263206,1.6263206,1,4,2,1,1,2.372,2.0691,9100000:HOUSEHOLDS AND NPISHS FINAL CONSUMPTION EXPENDITURE,,,ICP,,World Bank (forthcoming),https://databank.worldbank.org/source/icp-2021,ICP,,World Bank (forthcoming),https://databank.worldbank.org/source/icp-2021,"ClassificationName: Purchasing power parity (PPP) (US$ = 1), SeriesCode: 9100000"
Denmark,DNK,National,9.08814,8.52389,8.5238864,8.3376894,8.3376894,7.8910446,7.8910446,7.240201,7.240201,1,1,2,1,1,9.09,8.52389,9100000:HOUSEHOLDS AND NPISHS FINAL CONSUMPTION EXPENDITURE,,,ICP,,World Bank (forthcoming),https://databank.worldbank.org/source/icp-2021,ICP,,World Bank (forthcoming),https://databank.worldbank.org/source/icp-2021,"ClassificationName: Purchasing power parity (PPP) (US$ = 1), SeriesCode: 9100000"
Dominican Republic,DOM,National,20.396,20.741,20.74103,20.764965,20.764965,24.390577,24.390577,23.135822,23.135822,1,4,2,1,1,20.396,20.741,9100000:HOUSEHOLDS AND NPISHS FINAL CONSUMPTION EXPENDITURE,,,ICP,,World Bank (forthcoming),https://databank.worldbank.org/source/icp-2021,ICP,,World Bank (forthcoming),https://databank.worldbank.org/source/icp-2021,"ClassificationName: Purchasing power parity (PPP) (US$ = 1), SeriesCode: 9100000"
Algeria,DZA,National,38.7394,31.7723,31.772287,31.517971,31.517971,38.209743,38.209743,39.365948,39.365948,1,4,2,1,1,38.7394,31.7723,9100000:HOUSEHOLDS AND NPISHS FINAL CONSUMPTION EXPENDITURE,,,ICP,,World Bank (forthcoming),https://databank.worldbank.org/source/icp-2021,ICP,,World Bank (forthcoming),https://databank.worldbank.org/source/icp-2021,"ClassificationName: Purchasing power parity (PPP) (US$ = 1), SeriesCode: 9100000"
Ecuador,ECU,National,.500847,.547234,.54723445,.54775524,.54775524,.57450336,.57450336,.48530966,.48530966,1,1,2,1,1,.501,.547234,9100000:HOUSEHOLDS AND NPISHS FINAL CONSUMPTION EXPENDITURE,,,ICP,,World Bank (forthcoming),https://databank.worldbank.org/source/icp-2021,ICP,,World Bank (forthcoming),https://databank.worldbank.org/source/icp-2021,"ClassificationName: Purchasing power parity (PPP) (US$ = 1), SeriesCode: 9100000"
"Egypt, Arab Republic of",EGY,National,2.02239,1.80298,2.777,1.7146918,2.871648,3.407788,4.8435497,4.1144505,5.042516,1,1,2,1,1,2.02239,2.84403,9100000:HOUSEHOLDS AND NPISHS FINAL CONSUMPTION EXPENDITURE,Aziz's imputation,Revised 2017 - Dec 9 2021,PIP,Average of official and imputed PPP,Jolliffe et al. (2022),https://documents1.worldbank.org/curated/en/353811645450974574/pdf/Assessing-the-Impact-of-the-2017-PPPs-on-the-International-Poverty-Line-and-Global-Poverty.pdf,PIP,Average of official and imputed PPP,Jolliffe et al. (forthcoming),https://databank.worldbank.org/source/icp-2021,
Egypt (Western Asia),EGZ,National,,,2.777,,,,,,,1,,2,1,1,,,,,,,,,,,,,,
Eritrea,ERI,National,,,,6.439523,6.439523,7.5891733,7.5891733,5.1966777,5.1966777,1,,2,1,1,,,9100000:HOUSEHOLDS AND NPISHS FINAL CONSUMPTION EXPENDITURE,,,ICP,,World Bank (forthcoming),https://databank.worldbank.org/source/icp-2021,ICP,,World Bank (forthcoming),https://databank.worldbank.org/source/icp-2021,"ClassificationName: Purchasing power parity (PPP) (US$ = 1), SeriesCode: 9100000"
Spain,ESP,National,.803246,.776917,.776917,.78823936,.78823936,.70286143,.70286143,.66056424,.66056424,1,1,2,1,1,.8,.776917,9100000:HOUSEHOLDS AND NPISHS FINAL CONSUMPTION EXPENDITURE,,,ICP,,World Bank (forthcoming),https://databank.worldbank.org/source/icp-2021,ICP,,World Bank (forthcoming),https://databank.worldbank.org/source/icp-2021,"ClassificationName: Purchasing power parity (PPP) (US$ = 1), SeriesCode: 9100000"
Estonia,EST,National,8.83235,.608563,.60856344,.58006036,.58006036,.59642601,.59642601,.61331838,.61331838,1,1,2,1,1,8.832,9.52195,9100000:HOUSEHOLDS AND NPISHS FINAL CONSUMPTION EXPENDITURE,,,ICP,,World Bank (forthcoming),https://databank.worldbank.org/source/icp-2021,ICP,,World Bank (forthcoming),https://databank.worldbank.org/source/icp-2021,"ClassificationName: Purchasing power parity (PPP) (US$ = 1), SeriesCode: 9100000"
Ethiopia,ETH,National,2.75126,5.43861,5.4386136,5.5747466,5.5747466,8.496417,8.496417,13.436761,13.436761,1,1,2,1,1,,5.43861,9100000:HOUSEHOLDS AND NPISHS FINAL CONSUMPTION EXPENDITURE,,,ICP,,World Bank (forthcoming),https://databank.worldbank.org/source/icp-2021,ICP,,World Bank (forthcoming),https://databank.worldbank.org/source/icp-2021,"ClassificationName: Purchasing power parity (PPP) (US$ = 1), SeriesCode: 9100000"
Finland,FIN,National,1.07653,.980246,.98024628,.97292459,.97292459,.93330073,.93330073,.86745071,.86745071,1,1,2,1,1,1.08,.980246,9100000:HOUSEHOLDS AND NPISHS FINAL CONSUMPTION EXPENDITURE,,,ICP,,World Bank (forthcoming),https://databank.worldbank.org/source/icp-2021,ICP,,World Bank (forthcoming),https://databank.worldbank.org/source/icp-2021,"ClassificationName: Purchasing power parity (PPP) (US$ = 1), SeriesCode: 9100000"
Fiji,FJI,National,1.54813,1.21654,1.2165409,1.0162468,1.0162468,.98594522,.98594522,.94487065,.94487065,1,1,2,1,1,1.54813,1.21654,9100000:HOUSEHOLDS AND NPISHS FINAL CONSUMPTION EXPENDITURE,,,ICP,,World Bank (forthcoming),https://databank.worldbank.org/source/icp-2021,ICP,,World Bank (forthcoming),https://databank.worldbank.org/source/icp-2021,"ClassificationName: Purchasing power parity (PPP) (US$ = 1), SeriesCode: 9100000"
France,FRA,National,.938072,.879754,.87975408,.87980497,.87980497,.83535558,.83535558,.76645958,.76645958,1,1,2,1,1,.94,.879754,9100000:HOUSEHOLDS AND NPISHS FINAL CONSUMPTION EXPENDITURE,,,ICP,,World Bank (forthcoming),https://databank.worldbank.org/source/icp-2021,ICP,,World Bank (forthcoming),https://databank.worldbank.org/source/icp-2021,"ClassificationName: Purchasing power parity (PPP) (US$ = 1), SeriesCode: 9100000"
,FRO,National,,,,,,,,6.532186,6.532186,,,2,,,,,,,,ICP,,World Bank (forthcoming),https://databank.worldbank.org/source/icp-2021,ICP,,World Bank (forthcoming),https://databank.worldbank.org/source/icp-2021,"ClassificationName: Purchasing power parity (PPP) (US$ = 1), SeriesCode: 9100000"
"Micronesia, Federated States of",FSM,National,,.998255,.99825475,.99825475,.99825475,.97721837,.97721837,,.94948119,1,,2,1,1,,.998255,9100000:HOUSEHOLDS AND NPISHS FINAL CONSUMPTION EXPENDITURE,,,PIP,Revised 2011 PPP extrapolated to 2017,Jolliffe et al. (2022),https://documents1.worldbank.org/curated/en/353811645450974574/pdf/Assessing-the-Impact-of-the-2017-PPPs-on-the-International-Poverty-Line-and-Global-Poverty.pdf,PIP,Revised 2011 PPP extrapolated to 2021,Jolliffe et al. (forthcoming),https://databank.worldbank.org/source/icp-2021,
Gabon,GAB,National,443.749,359.219,359.21853,359.34445,359.34445,319.16034,319.16034,300.23499,300.23499,1,1,2,1,1,,359.219,9100000:HOUSEHOLDS AND NPISHS FINAL CONSUMPTION EXPENDITURE,,,ICP,,World Bank (forthcoming),https://databank.worldbank.org/source/icp-2021,ICP,,World Bank (forthcoming),https://databank.worldbank.org/source/icp-2021,"ClassificationName: Purchasing power parity (PPP) (US$ = 1), SeriesCode: 9100000"
United Kingdom,GBR,National,.658442,.756404,.7564041,.77634192,.77634192,.77973002,.77973002,.72049534,.72049534,1,1,2,1,1,.66,.756404,9100000:HOUSEHOLDS AND NPISHS FINAL CONSUMPTION EXPENDITURE,,,ICP,,World Bank (forthcoming),https://databank.worldbank.org/source/icp-2021,ICP,,World Bank (forthcoming),https://databank.worldbank.org/source/icp-2021,"ClassificationName: Purchasing power parity (PPP) (US$ = 1), SeriesCode: 9100000"
Georgia,GEO,National,.784546,.841907,.84190709,.83523399,.83523399,.92467563,.92467563,1.0734771,1.0734771,1,1,2,1,1,.7845,.841907,9100000:HOUSEHOLDS AND NPISHS FINAL CONSUMPTION EXPENDITURE,,,ICP,,World Bank (forthcoming),https://databank.worldbank.org/source/icp-2021,ICP,,World Bank (forthcoming),https://databank.worldbank.org/source/icp-2021,"ClassificationName: Purchasing power parity (PPP) (US$ = 1), SeriesCode: 9100000"
Ghana,GHA,National,4475.82,.788022,.78802172,.77891219,.77891219,1.7509922,1.7509922,2.4541953,2.4541953,1,1,2,1,1,,.788022,9100000:HOUSEHOLDS AND NPISHS FINAL CONSUMPTION EXPENDITURE,,,ICP,,World Bank (forthcoming),https://databank.worldbank.org/source/icp-2021,ICP,,World Bank (forthcoming),https://databank.worldbank.org/source/icp-2021,"ClassificationName: Purchasing power parity (PPP) (US$ = 1), SeriesCode: 9100000"
Guinea,GIN,National,1479.57,2572.34,2572.3431,2599.8909,2599.8909,3213.9844,3446.9322,3221.2612,3471.7836,1,1,2,1,1,,2572.34,9100000:HOUSEHOLDS AND NPISHS FINAL CONSUMPTION EXPENDITURE,,Revised 2017 - Dec 9 2021,PIP,Average of official and imputed PPP,Jolliffe et al. (2022),https://documents1.worldbank.org/curated/en/353811645450974574/pdf/Assessing-the-Impact-of-the-2017-PPPs-on-the-International-Poverty-Line-and-Global-Poverty.pdf,PIP,Average of official and imputed PPP,Jolliffe et al. (forthcoming),https://databank.worldbank.org/source/icp-2021,
"Gambia, The",GMB,National,10.3443,10.8265,10.826474,10.911632,10.911632,15.114248,15.114248,15.42415,15.42415,1,1,2,1,1,,10.8265,9100000:HOUSEHOLDS AND NPISHS FINAL CONSUMPTION EXPENDITURE,,,ICP,,World Bank (forthcoming),https://databank.worldbank.org/source/icp-2021,ICP,,World Bank (forthcoming),https://databank.worldbank.org/source/icp-2021,"ClassificationName: Purchasing power parity (PPP) (US$ = 1), SeriesCode: 9100000"
Guinea-Bissau,GNB,National,284.276,248.236,248.23581,258.32343,258.32343,232.19949,232.19949,217.98468,217.98468,1,1,2,1,1,284.28,248.236,9100000:HOUSEHOLDS AND NPISHS FINAL CONSUMPTION EXPENDITURE,,,ICP,,World Bank (forthcoming),https://databank.worldbank.org/source/icp-2021,ICP,,World Bank (forthcoming),https://databank.worldbank.org/source/icp-2021,"ClassificationName: Purchasing power parity (PPP) (US$ = 1), SeriesCode: 9100000"
Equatorial Guinea,GNQ,National,436.285,321.354,321.35431,328.09082,328.09082,304.28659,304.28659,287.69067,287.69067,1,1,2,1,1,,,9100000:HOUSEHOLDS AND NPISHS FINAL CONSUMPTION EXPENDITURE,,,ICP,,World Bank (forthcoming),https://databank.worldbank.org/source/icp-2021,ICP,,World Bank (forthcoming),https://databank.worldbank.org/source/icp-2021,"ClassificationName: Purchasing power parity (PPP) (US$ = 1), SeriesCode: 9100000"
Greece,GRC,National,.771839,.758254,.75825388,.76806337,.76806337,.64630491,.64630491,.60059029,.60059029,1,1,2,1,1,.77,.758254,9100000:HOUSEHOLDS AND NPISHS FINAL CONSUMPTION EXPENDITURE,,,ICP,,World Bank (forthcoming),https://databank.worldbank.org/source/icp-2021,ICP,,World Bank (forthcoming),https://databank.worldbank.org/source/icp-2021,"ClassificationName: Purchasing power parity (PPP) (US$ = 1), SeriesCode: 9100000"
Grenada,GRD,National,,2.09176,2.0917608,2.105864,2.105864,1.7995144,1.7995144,1.8508666,1.8508666,1,,2,1,1,,,9100000:HOUSEHOLDS AND NPISHS FINAL CONSUMPTION EXPENDITURE,,,ICP,,World Bank (forthcoming),https://databank.worldbank.org/source/icp-2021,ICP,,World Bank (forthcoming),https://databank.worldbank.org/source/icp-2021,"ClassificationName: Purchasing power parity (PPP) (US$ = 1), SeriesCode: 9100000"
,GRL,National,,,,,,,,5.4859843,5.4859843,,,2,,,,,,,,ICP,,World Bank (forthcoming),https://databank.worldbank.org/source/icp-2021,ICP,,World Bank (forthcoming),https://databank.worldbank.org/source/icp-2021,"ClassificationName: Purchasing power parity (PPP) (US$ = 1), SeriesCode: 9100000"
Guatemala,GTM,National,4.54,3.87324,3.8732392,3.8924077,3.8924077,4.4032698,4.4032698,3.4430013,3.4430013,1,4,2,1,1,4.54,3.87324,9100000:HOUSEHOLDS AND NPISHS FINAL CONSUMPTION EXPENDITURE,,,ICP,,World Bank (forthcoming),https://databank.worldbank.org/source/icp-2021,ICP,,World Bank (forthcoming),https://databank.worldbank.org/source/icp-2021,"ClassificationName: Purchasing power parity (PPP) (US$ = 1), SeriesCode: 9100000"
Guam,GUM,National,,,1.0848152,1.0848152,1.0848152,,,,,1,,2,1,1,,,9100000:HOUSEHOLDS AND NPISHS FINAL CONSUMPTION EXPENDITURE,,,,,,,,,,,
Guyana,GUY,National,,133.261,133.2612,120.83203,120.83203,115.62633,115.62633,99.459709,99.459709,1,,2,1,1,,,9100000:HOUSEHOLDS AND NPISHS FINAL CONSUMPTION EXPENDITURE,,,ICP,,World Bank (forthcoming),https://databank.worldbank.org/source/icp-2021,ICP,,World Bank (forthcoming),https://databank.worldbank.org/source/icp-2021,"ClassificationName: Purchasing power parity (PPP) (US$ = 1), SeriesCode: 9100000"
"Hong Kong SAR, China",HKG,National,7.23605,5.75349,5.7534883,5.6469965,5.6469965,6.2420239,6.2420239,6.388341,6.388341,1,1,2,1,1,,,9100000:HOUSEHOLDS AND NPISHS FINAL CONSUMPTION EXPENDITURE,,,ICP,,World Bank (forthcoming),https://databank.worldbank.org/source/icp-2021,ICP,,World Bank (forthcoming),https://databank.worldbank.org/source/icp-2021,"ClassificationName: Purchasing power parity (PPP) (US$ = 1), SeriesCode: 9100000"
Honduras,HND,National,9.662,10.0803,10.080314,10.263885,10.263885,10.838772,10.838772,11.782135,11.782135,1,4,2,1,1,9.662,10.0803,9100000:HOUSEHOLDS AND NPISHS FINAL CONSUMPTION EXPENDITURE,,,ICP,,World Bank (forthcoming),https://databank.worldbank.org/source/icp-2021,ICP,,World Bank (forthcoming),https://databank.worldbank.org/source/icp-2021,"ClassificationName: Purchasing power parity (PPP) (US$ = 1), SeriesCode: 9100000"
Croatia,HRV,National,4.46187,4.3585,4.3585028,4.2249088,4.2249088,3.8146632,3.8146632,.48258922,3.6360684,1,1,2,1,1,4.462,4.3585,9100000:HOUSEHOLDS AND NPISHS FINAL CONSUMPTION EXPENDITURE,,,ICP,Multiply ICP PPP by currency,World Bank (forthcoming),https://databank.worldbank.org/source/icp-2021,ICP,Multiply ICP PPP by currency,World Bank (forthcoming),https://databank.worldbank.org/source/icp-2021,"ClassificationName: Purchasing power parity (PPP) (US$ = 1), SeriesCode: 9100000"
Haiti,HTI,National,19.365,20.7057,20.705744,20.832596,20.832596,31.10294,31.10294,53.031235,53.031235,1,4,2,1,1,19.365,20.7057,9100000:HOUSEHOLDS AND NPISHS FINAL CONSUMPTION EXPENDITURE,,,ICP,,World Bank (forthcoming),https://databank.worldbank.org/source/icp-2021,ICP,,World Bank (forthcoming),https://databank.worldbank.org/source/icp-2021,"ClassificationName: Purchasing power parity (PPP) (US$ = 1), SeriesCode: 9100000"
Hungary,HUN,National,137.518,137.883,137.88287,137.17941,137.17941,147.37674,147.37674,165.82123,165.82123,1,1,2,1,1,137.5,137.883,9100000:HOUSEHOLDS AND NPISHS FINAL CONSUMPTION EXPENDITURE,,,ICP,,World Bank (forthcoming),https://databank.worldbank.org/source/icp-2021,ICP,,World Bank (forthcoming),https://databank.worldbank.org/source/icp-2021,"ClassificationName: Purchasing power parity (PPP) (US$ = 1), SeriesCode: 9100000"
Indonesia,IDN,National,,,4091.9391,3892.2175,3892.2175,5089.686,5089.686,5353.5596,5353.5596,1,,2,1,1,,,9100000:HOUSEHOLDS AND NPISHS FINAL CONSUMPTION EXPENDITURE,,,ICP,,World Bank (forthcoming),https://databank.worldbank.org/source/icp-2021,ICP,,World Bank (forthcoming),https://databank.worldbank.org/source/icp-2021,"ClassificationName: Purchasing power parity (PPP) (US$ = 1), SeriesCode: 9100000"
Indonesia,IDN,Rural,3399.68,3666.16,3666.164,,3498.8758,4746.852,5089.686,,5353.5596,4,4,0,2,2,3399.68,3666.16,,"PPP paper 2017, Table A.2",,,,,,,,,,
Indonesia,IDN,Urban,4795.88,4360.48,4360.477,,4140.2992,5098.196,5089.686,,5353.5596,4,4,1,2,1,4795.88,4360.48,,"PPP paper 2017, Table A.2",,,,,,,,,,
India,IND,National,,,14.975162,15.282893,15.282893,19.46904,19.46904,19.46895,19.46895,1,,2,1,1,,,9100000:HOUSEHOLDS AND NPISHS FINAL CONSUMPTION EXPENDITURE,,,ICP,,World Bank (forthcoming),https://databank.worldbank.org/source/icp-2021,ICP,,World Bank (forthcoming),https://databank.worldbank.org/source/icp-2021,"ClassificationName: Purchasing power parity (PPP) (US$ = 1), SeriesCode: 9100000"
India,IND,Rural,11.4,12.908,12.90501,,13.173453,17.092,19.46904,,19.46895,4,4,0,2,2,11.4,12.908,,"PPP paper 2017, Table A.2",,PIP,Imputation,Jolliffe et al. (2022),https://documents1.worldbank.org/curated/en/353811645450974574/pdf/Assessing-the-Impact-of-the-2017-PPPs-on-the-International-Poverty-Line-and-Global-Poverty.pdf,PIP,Imputation,Jolliffe et al. (forthcoming),https://databank.worldbank.org/source/icp-2021,
India,IND,Urban,17.235,15.695,15.69636,,16.017724,16.018,19.46904,,19.46895,4,4,1,2,1,17.235,15.695,,"PPP paper 2017, Table A.2",,PIP,Imputation,Jolliffe et al. (2022),https://documents1.worldbank.org/curated/en/353811645450974574/pdf/Assessing-the-Impact-of-the-2017-PPPs-on-the-International-Poverty-Line-and-Global-Poverty.pdf,PIP,Imputation,Jolliffe et al. (forthcoming),https://databank.worldbank.org/source/icp-2021,
Ireland,IRL,National,1.09,.951714,.95171425,.95777196,.95777196,.97072345,.97072345,.98055655,.98055655,1,1,2,1,1,1.09,.951714,9100000:HOUSEHOLDS AND NPISHS FINAL CONSUMPTION EXPENDITURE,,,ICP,,World Bank (forthcoming),https://databank.worldbank.org/source/icp-2021,ICP,,World Bank (forthcoming),https://databank.worldbank.org/source/icp-2021,"ClassificationName: Purchasing power parity (PPP) (US$ = 1), SeriesCode: 9100000"
"Iran, Islamic Republic of",IRN,National,2714.82,5001.36,5001.3634,5323.4419,5323.4419,13944.904,13944.904,48021.043,48021.043,1,1,2,1,1,2714.82,5001.36,9100000:HOUSEHOLDS AND NPISHS FINAL CONSUMPTION EXPENDITURE,,,ICP,,World Bank (forthcoming),https://databank.worldbank.org/source/icp-2021,ICP,,World Bank (forthcoming),https://databank.worldbank.org/source/icp-2021,"ClassificationName: Purchasing power parity (PPP) (US$ = 1), SeriesCode: 9100000"
Iraq,IRQ,National,639.866,573.418,1003.799,477.55853,939.2165,555.39069,586.49681,575.59277,575.59277,1,1,2,1,1,639.866,795.99,9100000:HOUSEHOLDS AND NPISHS FINAL CONSUMPTION EXPENDITURE,Aziz's imputation,Revised 2017 - Dec 9 2021,PIP,Average of official and imputed PPP,Jolliffe et al. (2022),https://documents1.worldbank.org/curated/en/353811645450974574/pdf/Assessing-the-Impact-of-the-2017-PPPs-on-the-International-Poverty-Line-and-Global-Poverty.pdf,ICP,,World Bank (forthcoming),https://databank.worldbank.org/source/icp-2021,"ClassificationName: Purchasing power parity (PPP) (US$ = 1), SeriesCode: 9100000"
Iceland,ISL,National,104.064,138.895,138.89495,140.80766,140.80766,155.64793,155.64793,156.36482,156.36482,1,1,2,1,1,104.06,138.895,9100000:HOUSEHOLDS AND NPISHS FINAL CONSUMPTION EXPENDITURE,,,ICP,,World Bank (forthcoming),https://databank.worldbank.org/source/icp-2021,ICP,,World Bank (forthcoming),https://databank.worldbank.org/source/icp-2021,"ClassificationName: Purchasing power parity (PPP) (US$ = 1), SeriesCode: 9100000"
Israel,ISR,National,4.07075,4.27023,4.2702332,4.2536769,4.2536769,4.2066031,4.2066031,4.012188,4.012188,1,1,2,1,1,,,9100000:HOUSEHOLDS AND NPISHS FINAL CONSUMPTION EXPENDITURE,,,ICP,,World Bank (forthcoming),https://databank.worldbank.org/source/icp-2021,ICP,,World Bank (forthcoming),https://databank.worldbank.org/source/icp-2021,"ClassificationName: Purchasing power parity (PPP) (US$ = 1), SeriesCode: 9100000"
Italy,ITA,National,.907955,.825395,.82539454,.81474847,.81474847,.76722103,.76722103,.69324893,.69324893,1,1,2,1,1,.91,.825395,9100000:HOUSEHOLDS AND NPISHS FINAL CONSUMPTION EXPENDITURE,,,ICP,,World Bank (forthcoming),https://databank.worldbank.org/source/icp-2021,ICP,,World Bank (forthcoming),https://databank.worldbank.org/source/icp-2021,"ClassificationName: Purchasing power parity (PPP) (US$ = 1), SeriesCode: 9100000"
Jamaica,JAM,National,43.362,63.3545,63.354447,62.87648,62.87648,70.391586,70.391586,90.673439,90.673439,1,4,2,1,1,43.362,63.3544,9100000:HOUSEHOLDS AND NPISHS FINAL CONSUMPTION EXPENDITURE,,,ICP,,World Bank (forthcoming),https://databank.worldbank.org/source/icp-2021,ICP,,World Bank (forthcoming),https://databank.worldbank.org/source/icp-2021,"ClassificationName: Purchasing power parity (PPP) (US$ = 1), SeriesCode: 9100000"
Jordan,JOR,National,.492949,.319332,.446,.32503387,.4409154,.32916823,.32916823,.34411097,.34411097,1,1,2,1,1,.492949,.391796,9100000:HOUSEHOLDS AND NPISHS FINAL CONSUMPTION EXPENDITURE,Aziz's imputation,,ICP,,World Bank (forthcoming),https://databank.worldbank.org/source/icp-2021,ICP,,World Bank (forthcoming),https://databank.worldbank.org/source/icp-2021,"ClassificationName: Purchasing power parity (PPP) (US$ = 1), SeriesCode: 9100000"
Japan,JPN,National,142.936,116.103,116.10324,115.1781,115.1781,113.02317,113.02317,109.21824,109.21824,1,1,2,1,1,,,9100000:HOUSEHOLDS AND NPISHS FINAL CONSUMPTION EXPENDITURE,,,ICP,,World Bank (forthcoming),https://databank.worldbank.org/source/icp-2021,ICP,,World Bank (forthcoming),https://databank.worldbank.org/source/icp-2021,"ClassificationName: Purchasing power parity (PPP) (US$ = 1), SeriesCode: 9100000"
Kazakhstan,KAZ,National,64.9642,83.6116,83.611616,79.221703,79.221703,125.26337,125.26337,142.36105,142.36105,1,1,2,1,1,64.96,83.6116,9100000:HOUSEHOLDS AND NPISHS FINAL CONSUMPTION EXPENDITURE,,,ICP,,World Bank (forthcoming),https://databank.worldbank.org/source/icp-2021,ICP,,World Bank (forthcoming),https://databank.worldbank.org/source/icp-2021,"ClassificationName: Purchasing power parity (PPP) (US$ = 1), SeriesCode: 9100000"
Kenya,KEN,National,32.6837,35.4296,35.429595,35.621326,35.621326,41.634785,41.634785,42.427967,42.427967,1,1,2,1,1,,35.4296,9100000:HOUSEHOLDS AND NPISHS FINAL CONSUMPTION EXPENDITURE,,,ICP,,World Bank (forthcoming),https://databank.worldbank.org/source/icp-2021,ICP,,World Bank (forthcoming),https://databank.worldbank.org/source/icp-2021,"ClassificationName: Purchasing power parity (PPP) (US$ = 1), SeriesCode: 9100000"
Kyrgyz Republic,KGZ,National,12.998,17.5379,17.537917,16.29628,16.29628,19.372711,19.372711,24.316118,24.316118,1,1,2,1,1,13,17.5379,9100000:HOUSEHOLDS AND NPISHS FINAL CONSUMPTION EXPENDITURE,,,ICP,,World Bank (forthcoming),https://databank.worldbank.org/source/icp-2021,ICP,,World Bank (forthcoming),https://databank.worldbank.org/source/icp-2021,"ClassificationName: Purchasing power parity (PPP) (US$ = 1), SeriesCode: 9100000"
Cambodia,KHM,National,1615.3,1527.56,1527.5579,1493.2542,1493.2542,1488.7982,1488.7982,1577.4142,1577.4142,1,1,2,1,1,1615.3,1527.56,9100000:HOUSEHOLDS AND NPISHS FINAL CONSUMPTION EXPENDITURE,,,ICP,,World Bank (forthcoming),https://databank.worldbank.org/source/icp-2021,ICP,,World Bank (forthcoming),https://databank.worldbank.org/source/icp-2021,"ClassificationName: Purchasing power parity (PPP) (US$ = 1), SeriesCode: 9100000"
Kiribati,KIR,National,,1.0657,1.065704,1.065704,1.065704,,.98104504,,.9171055,1,,2,1,1,,1.0657,9100000:HOUSEHOLDS AND NPISHS FINAL CONSUMPTION EXPENDITURE,,Revised 2017 - Dec 9 2021,PIP,Revised 2011 PPP extrapolated to 2017,Jolliffe et al. (2022),https://documents1.worldbank.org/curated/en/353811645450974574/pdf/Assessing-the-Impact-of-the-2017-PPPs-on-the-International-Poverty-Line-and-Global-Poverty.pdf,PIP,Revised 2011 PPP extrapolated to 2021,Jolliffe et al. (forthcoming),https://databank.worldbank.org/source/icp-2021,
St. Kitts and Nevis,KNA,National,,2.22055,2.2205514,2.2330525,2.2330525,2.5473039,2.5473039,2.2698214,2.2698214,1,,2,1,1,,,9100000:HOUSEHOLDS AND NPISHS FINAL CONSUMPTION EXPENDITURE,,,ICP,,World Bank (forthcoming),https://databank.worldbank.org/source/icp-2021,ICP,,World Bank (forthcoming),https://databank.worldbank.org/source/icp-2021,"ClassificationName: Purchasing power parity (PPP) (US$ = 1), SeriesCode: 9100000"
"Korea, Republic of",KOR,National,879.365,912.021,912.02139,903.29395,903.29395,974.20563,974.20563,943.4209,943.4209,1,1,2,1,1,,,9100000:HOUSEHOLDS AND NPISHS FINAL CONSUMPTION EXPENDITURE,,,ICP,,World Bank (forthcoming),https://databank.worldbank.org/source/icp-2021,ICP,,World Bank (forthcoming),https://databank.worldbank.org/source/icp-2021,"ClassificationName: Purchasing power parity (PPP) (US$ = 1), SeriesCode: 9100000"
Kuwait,KWT,National,.27887,.180438,.1804375,.17813224,.17813224,.1874308,.1874308,.19186668,.19186668,1,1,2,1,1,,,9100000:HOUSEHOLDS AND NPISHS FINAL CONSUMPTION EXPENDITURE,,,ICP,,World Bank (forthcoming),https://databank.worldbank.org/source/icp-2021,ICP,,World Bank (forthcoming),https://databank.worldbank.org/source/icp-2021,"ClassificationName: Purchasing power parity (PPP) (US$ = 1), SeriesCode: 9100000"
Lao People's Democratic Republic,LAO,National,3741.62,2914.85,3325.204,3124.0752,3248.443,3133.8118,3133.8118,3260.2532,3260.2532,1,1,2,1,1,3741.62,2914.85,9100000:HOUSEHOLDS AND NPISHS FINAL CONSUMPTION EXPENDITURE,Aziz's imputation,,ICP,,World Bank (forthcoming),https://databank.worldbank.org/source/icp-2021,ICP,,World Bank (forthcoming),https://databank.worldbank.org/source/icp-2021,"ClassificationName: Purchasing power parity (PPP) (US$ = 1), SeriesCode: 9100000"
Lebanon,LBN,National,1107.12,892.382,892.382,830.62437,830.62437,761.83327,761.83327,4792.2441,4792.2441,1,1,2,1,1,1107.12,892.382,9100000:HOUSEHOLDS AND NPISHS FINAL CONSUMPTION EXPENDITURE,,,ICP,,World Bank (forthcoming),https://databank.worldbank.org/source/icp-2021,ICP,,World Bank (forthcoming),https://databank.worldbank.org/source/icp-2021,"ClassificationName: Purchasing power parity (PPP) (US$ = 1), SeriesCode: 9100000"
Liberia,LBR,National,.51115,.56773,.56772976,43.207458,.59822028,47.996021,47.996021,75.899704,75.899704,1,1,2,1,1,,41.0052,9100000:HOUSEHOLDS AND NPISHS FINAL CONSUMPTION EXPENDITURE,,,ICP,,World Bank (forthcoming),https://databank.worldbank.org/source/icp-2021,ICP,,World Bank (forthcoming),https://databank.worldbank.org/source/icp-2021,"ClassificationName: Purchasing power parity (PPP) (US$ = 1), SeriesCode: 9100000"
Libya,LBY,National,.849617,.657764,.6577641,.62184608,.62184608,.63815336,.63815336,1.9150892,1.9150892,1,4,2,1,1,.849617,.657764,9100000:HOUSEHOLDS AND NPISHS FINAL CONSUMPTION EXPENDITURE,,,ICP,,World Bank (forthcoming),https://databank.worldbank.org/source/icp-2021,ICP,,World Bank (forthcoming),https://databank.worldbank.org/source/icp-2021,"ClassificationName: Purchasing power parity (PPP) (US$ = 1), SeriesCode: 9100000"
St. Lucia,LCA,National,,2.13905,2.1390538,2.0839674,2.0839674,2.0791612,2.0791612,1.6434181,1.6434181,1,,2,1,1,,,9100000:HOUSEHOLDS AND NPISHS FINAL CONSUMPTION EXPENDITURE,,,ICP,,World Bank (forthcoming),https://databank.worldbank.org/source/icp-2021,ICP,,World Bank (forthcoming),https://databank.worldbank.org/source/icp-2021,"ClassificationName: Purchasing power parity (PPP) (US$ = 1), SeriesCode: 9100000"
Sri Lanka,LKA,National,40.0395,42.2189,42.218933,42.988083,42.988083,55.500881,55.500881,58.296108,58.296108,1,1,2,1,1,40.039,42.2189,9100000:HOUSEHOLDS AND NPISHS FINAL CONSUMPTION EXPENDITURE,,,ICP,,World Bank (forthcoming),https://databank.worldbank.org/source/icp-2021,ICP,,World Bank (forthcoming),https://databank.worldbank.org/source/icp-2021,"ClassificationName: Purchasing power parity (PPP) (US$ = 1), SeriesCode: 9100000"
Lesotho,LSO,National,3.42683,3.86435,3.8643473,3.9257224,3.9257224,5.2439876,5.2439876,5.8172321,5.8172321,1,1,2,1,1,,3.86435,9100000:HOUSEHOLDS AND NPISHS FINAL CONSUMPTION EXPENDITURE,,,ICP,,World Bank (forthcoming),https://databank.worldbank.org/source/icp-2021,ICP,,World Bank (forthcoming),https://databank.worldbank.org/source/icp-2021,"ClassificationName: Purchasing power parity (PPP) (US$ = 1), SeriesCode: 9100000"
Lithuania,LTU,National,1.66042,1.78586,1.7858566,.51069963,1.7633437,.48840073,.48840073,.48759523,.48759523,1,1,2,1,1,1.66,1.78586,9100000:HOUSEHOLDS AND NPISHS FINAL CONSUMPTION EXPENDITURE,,,ICP,,World Bank (forthcoming),https://databank.worldbank.org/source/icp-2021,ICP,,World Bank (forthcoming),https://databank.worldbank.org/source/icp-2021,"ClassificationName: Purchasing power parity (PPP) (US$ = 1), SeriesCode: 9100000"
Luxembourg,LUX,National,.896789,.989306,.98930559,.97961074,.97961074,.96581137,.96581137,.95436978,.95436978,1,1,2,1,1,.9,.989306,9100000:HOUSEHOLDS AND NPISHS FINAL CONSUMPTION EXPENDITURE,,,ICP,,World Bank (forthcoming),https://databank.worldbank.org/source/icp-2021,ICP,,World Bank (forthcoming),https://databank.worldbank.org/source/icp-2021,"ClassificationName: Purchasing power parity (PPP) (US$ = 1), SeriesCode: 9100000"
Latvia,LVA,National,.347123,.40318,.40318037,.5668515,.40036721,.55380303,.55380303,.5482018,.5482018,1,1,2,1,1,.3471,.40318,9100000:HOUSEHOLDS AND NPISHS FINAL CONSUMPTION EXPENDITURE,,,ICP,,World Bank (forthcoming),https://databank.worldbank.org/source/icp-2021,ICP,,World Bank (forthcoming),https://databank.worldbank.org/source/icp-2021,"ClassificationName: Purchasing power parity (PPP) (US$ = 1), SeriesCode: 9100000"
"Macao SAR, China",MAC,National,6.43049,5.46206,5.4620639,5.163794,5.163794,5.9402933,5.9402933,5.7350299,5.7350299,1,1,2,1,1,,,9100000:HOUSEHOLDS AND NPISHS FINAL CONSUMPTION EXPENDITURE,,,ICP,,World Bank (forthcoming),https://databank.worldbank.org/source/icp-2021,ICP,,World Bank (forthcoming),https://databank.worldbank.org/source/icp-2021,"ClassificationName: Purchasing power parity (PPP) (US$ = 1), SeriesCode: 9100000"
Morocco,MAR,National,5.51087,4.19314,4.1931427,4.1251869,4.1251869,4.2908368,4.2908368,4.0910378,4.0910378,1,1,2,1,1,5.51087,4.19314,9100000:HOUSEHOLDS AND NPISHS FINAL CONSUMPTION EXPENDITURE,,,ICP,,World Bank (forthcoming),https://databank.worldbank.org/source/icp-2021,ICP,,World Bank (forthcoming),https://databank.worldbank.org/source/icp-2021,"ClassificationName: Purchasing power parity (PPP) (US$ = 1), SeriesCode: 9100000"
Moldova,MDA,National,4.82716,5.45133,5.4513301,5.4100404,5.4100404,6.382544,6.382544,6.3328056,6.3328056,1,1,2,1,1,4.827,5.45133,9100000:HOUSEHOLDS AND NPISHS FINAL CONSUMPTION EXPENDITURE,,,ICP,,World Bank (forthcoming),https://databank.worldbank.org/source/icp-2021,ICP,,World Bank (forthcoming),https://databank.worldbank.org/source/icp-2021,"ClassificationName: Purchasing power parity (PPP) (US$ = 1), SeriesCode: 9100000"
Madagascar,MDG,National,756.381,704.913,704.91338,700.22821,700.22821,962.95959,962.95959,1131.7112,1131.7112,1,1,2,1,1,,704.913,9100000:HOUSEHOLDS AND NPISHS FINAL CONSUMPTION EXPENDITURE,,,ICP,,World Bank (forthcoming),https://databank.worldbank.org/source/icp-2021,ICP,,World Bank (forthcoming),https://databank.worldbank.org/source/icp-2021,"ClassificationName: Purchasing power parity (PPP) (US$ = 1), SeriesCode: 9100000"
Maldives,MDV,National,9.73725,10.6761,10.676046,8.8096857,8.8096857,9.7935543,9.7935543,10.248683,10.248683,1,1,2,1,1,9.737,10.676,9100000:HOUSEHOLDS AND NPISHS FINAL CONSUMPTION EXPENDITURE,,,ICP,,World Bank (forthcoming),https://databank.worldbank.org/source/icp-2021,ICP,,World Bank (forthcoming),https://databank.worldbank.org/source/icp-2021,"ClassificationName: Purchasing power parity (PPP) (US$ = 1), SeriesCode: 9100000"
Mexico,MEX,National,7.64833,8.94021,8.9402123,8.8861017,8.8861017,9.8614712,9.8614712,10.905803,10.905803,1,1,2,1,1,7.648,8.94021,9100000:HOUSEHOLDS AND NPISHS FINAL CONSUMPTION EXPENDITURE,,,ICP,,World Bank (forthcoming),https://databank.worldbank.org/source/icp-2021,ICP,,World Bank (forthcoming),https://databank.worldbank.org/source/icp-2021,"ClassificationName: Purchasing power parity (PPP) (US$ = 1), SeriesCode: 9100000"
Marshall Islands,MHL,National,,,1.0834162,1.0834162,1.0834162,,1.0291952,,.9520694,1,,2,1,1,,,9100000:HOUSEHOLDS AND NPISHS FINAL CONSUMPTION EXPENDITURE,,Revised 2017 - Dec 9 2021,PIP,Revised 2011 PPP extrapolated to 2017,"Castaneda et al. (2022), page 6",https://documents1.worldbank.org/curated/en/099700509122212929/pdf/IDU05b43a261041c504a5f0bb3405d0ef310b9e1.pdf,PIP,Revised 2011 PPP extrapolated to 2021,Jolliffe et al. (forthcoming),https://databank.worldbank.org/source/icp-2021,
"Macedonia, former Yugoslav Republic of",MKD,National,23.5776,22.936,22.93599,23.608067,23.608067,22.16675,22.16675,20.557028,20.557028,1,1,2,1,1,23.58,22.936,9100000:HOUSEHOLDS AND NPISHS FINAL CONSUMPTION EXPENDITURE,,,ICP,,World Bank (forthcoming),https://databank.worldbank.org/source/icp-2021,ICP,,World Bank (forthcoming),https://databank.worldbank.org/source/icp-2021,"ClassificationName: Purchasing power parity (PPP) (US$ = 1), SeriesCode: 9100000"
Mali,MLI,National,289.679,221.868,221.86831,224.35728,224.35728,205.27339,205.27339,192.86151,192.86151,1,1,2,1,1,,221.868,9100000:HOUSEHOLDS AND NPISHS FINAL CONSUMPTION EXPENDITURE,,,ICP,,World Bank (forthcoming),https://databank.worldbank.org/source/icp-2021,ICP,,World Bank (forthcoming),https://databank.worldbank.org/source/icp-2021,"ClassificationName: Purchasing power parity (PPP) (US$ = 1), SeriesCode: 9100000"
Malta,MLT,National,.274551,.628591,.62859047,.63296694,.63296694,.62805784,.62805784,.61130691,.61130691,1,1,2,1,1,.27,.639628,9100000:HOUSEHOLDS AND NPISHS FINAL CONSUMPTION EXPENDITURE,,,ICP,,World Bank (forthcoming),https://databank.worldbank.org/source/icp-2021,ICP,,World Bank (forthcoming),https://databank.worldbank.org/source/icp-2021,"ClassificationName: Purchasing power parity (PPP) (US$ = 1), SeriesCode: 9100000"
Myanmar,MMR,National,,320.604,320.604,278.39395,296.1449,389.8429,389.8429,499.69772,499.69772,1,,2,1,1,,275.828,9100000:HOUSEHOLDS AND NPISHS FINAL CONSUMPTION EXPENDITURE,Aziz's imputation,,ICP,,World Bank (forthcoming),https://databank.worldbank.org/source/icp-2021,ICP,,World Bank (forthcoming),https://databank.worldbank.org/source/icp-2021,"ClassificationName: Purchasing power parity (PPP) (US$ = 1), SeriesCode: 9100000"
Montenegro,MNE,National,.499149,.449341,.44934114,.4411293,.4411293,.41873935,.41873935,.40324521,.40324521,1,1,2,1,1,.4991,.449341,9100000:HOUSEHOLDS AND NPISHS FINAL CONSUMPTION EXPENDITURE,,,ICP,,World Bank (forthcoming),https://databank.worldbank.org/source/icp-2021,ICP,,World Bank (forthcoming),https://databank.worldbank.org/source/icp-2021,"ClassificationName: Purchasing power parity (PPP) (US$ = 1), SeriesCode: 9100000"
Mongolia,MNG,National,522.493,590.33,590.33,580.63763,580.63763,873.54199,873.54199,957.83929,957.83929,1,1,2,1,1,,590.33,9100000:HOUSEHOLDS AND NPISHS FINAL CONSUMPTION EXPENDITURE,,,ICP,,World Bank (forthcoming),https://databank.worldbank.org/source/icp-2021,ICP,,World Bank (forthcoming),https://databank.worldbank.org/source/icp-2021,"ClassificationName: Purchasing power parity (PPP) (US$ = 1), SeriesCode: 9100000"
Northern Mariana Islands,MNP,National,,,1.0466733,1.0466733,1.0466733,,,,,1,,2,1,1,,,9100000:HOUSEHOLDS AND NPISHS FINAL CONSUMPTION EXPENDITURE,,,,,,,,,,,
Mozambique,MOZ,National,11625.7,15.5273,15.527265,15.825971,15.825971,21.98802,21.98802,23.623213,23.623213,1,1,2,1,1,,15.5273,9100000:HOUSEHOLDS AND NPISHS FINAL CONSUMPTION EXPENDITURE,,,ICP,,World Bank (forthcoming),https://databank.worldbank.org/source/icp-2021,ICP,,World Bank (forthcoming),https://databank.worldbank.org/source/icp-2021,"ClassificationName: Purchasing power parity (PPP) (US$ = 1), SeriesCode: 9100000"
Mauritania,MRT,National,125.666,112.807,112.80671,112.84909,112.84909,124.45256,124.45256,12.115998,121.15998,1,1,2,1,1,,112.807,9100000:HOUSEHOLDS AND NPISHS FINAL CONSUMPTION EXPENDITURE,,,ICP,Multiply ICP PPP by currency,World Bank (forthcoming),https://databank.worldbank.org/source/icp-2021,ICP,Multiply ICP PPP by currency,World Bank (forthcoming),https://databank.worldbank.org/source/icp-2021,"ClassificationName: Purchasing power parity (PPP) (US$ = 1), SeriesCode: 9100000"
Montserrat,MSR,National,,2.33604,2.3360359,2.2254648,2.2254648,2.1178029,2.1178029,1.7057133,1.7057133,1,,2,1,1,,,9100000:HOUSEHOLDS AND NPISHS FINAL CONSUMPTION EXPENDITURE,,,ICP,,World Bank (forthcoming),https://databank.worldbank.org/source/icp-2021,ICP,,World Bank (forthcoming),https://databank.worldbank.org/source/icp-2021,"ClassificationName: Purchasing power parity (PPP) (US$ = 1), SeriesCode: 9100000"
Mauritius,MUS,National,17.725,18.2854,18.28542,18.555265,18.555265,18.009424,18.009424,18.766069,18.766069,1,1,2,1,1,,18.2854,9100000:HOUSEHOLDS AND NPISHS FINAL CONSUMPTION EXPENDITURE,,,ICP,,World Bank (forthcoming),https://databank.worldbank.org/source/icp-2021,ICP,,World Bank (forthcoming),https://databank.worldbank.org/source/icp-2021,"ClassificationName: Purchasing power parity (PPP) (US$ = 1), SeriesCode: 9100000"
Malawi,MWI,National,56.922,78.017,78.017006,78.703018,78.703018,241.93053,241.93053,282.09424,282.09424,1,1,2,1,1,,78.017,9100000:HOUSEHOLDS AND NPISHS FINAL CONSUMPTION EXPENDITURE,,,ICP,,World Bank (forthcoming),https://databank.worldbank.org/source/icp-2021,ICP,,World Bank (forthcoming),https://databank.worldbank.org/source/icp-2021,"ClassificationName: Purchasing power parity (PPP) (US$ = 1), SeriesCode: 9100000"
Malaysia,MYS,National,2.11425,1.58609,1.5860863,1.5863546,1.5863546,1.7269489,1.7269489,1.5549403,1.5549403,1,1,2,1,1,2.11425,1.58609,9100000:HOUSEHOLDS AND NPISHS FINAL CONSUMPTION EXPENDITURE,,,ICP,,World Bank (forthcoming),https://databank.worldbank.org/source/icp-2021,ICP,,World Bank (forthcoming),https://databank.worldbank.org/source/icp-2021,"ClassificationName: Purchasing power parity (PPP) (US$ = 1), SeriesCode: 9100000"
Namibia,NAM,National,5.06395,5.1307,5.1307022,5.2440977,5.2440977,6.8982553,6.8982553,7.2390285,7.2390285,1,1,2,1,1,,5.1307,9100000:HOUSEHOLDS AND NPISHS FINAL CONSUMPTION EXPENDITURE,,,ICP,,World Bank (forthcoming),https://databank.worldbank.org/source/icp-2021,ICP,,World Bank (forthcoming),https://databank.worldbank.org/source/icp-2021,"ClassificationName: Purchasing power parity (PPP) (US$ = 1), SeriesCode: 9100000"
New Caledonia,NCL,National,,,130.13908,130.13908,130.13908,,,,,1,,2,1,1,,,9100000:HOUSEHOLDS AND NPISHS FINAL CONSUMPTION EXPENDITURE,,,,,,,,,,,
Niger,NER,National,267.331,228.753,228.75316,230.41684,230.41684,245.15967,245.15967,210.6579,210.6579,1,1,2,1,1,,228.753,9100000:HOUSEHOLDS AND NPISHS FINAL CONSUMPTION EXPENDITURE,,,ICP,,World Bank (forthcoming),https://databank.worldbank.org/source/icp-2021,ICP,,World Bank (forthcoming),https://databank.worldbank.org/source/icp-2021,"ClassificationName: Purchasing power parity (PPP) (US$ = 1), SeriesCode: 9100000"
Nigeria,NGA,National,78.5825,79.5315,79.531474,83.583336,83.583336,112.09833,123.67238,155.72354,155.72354,1,1,2,1,1,,79.5315,9100000:HOUSEHOLDS AND NPISHS FINAL CONSUMPTION EXPENDITURE,,Revised 2017 - Dec 9 2021,PIP,Average of official and imputed PPP,Jolliffe et al. (2022),https://documents1.worldbank.org/curated/en/353811645450974574/pdf/Assessing-the-Impact-of-the-2017-PPPs-on-the-International-Poverty-Line-and-Global-Poverty.pdf,ICP,,World Bank (forthcoming),https://databank.worldbank.org/source/icp-2021,"ClassificationName: Purchasing power parity (PPP) (US$ = 1), SeriesCode: 9100000"
Nicaragua,NIC,National,7.297,9.16008,9.1600754,9.2506371,9.2506371,11.528391,11.528391,12.582449,12.582449,1,4,2,1,1,7.297,9.16008,9100000:HOUSEHOLDS AND NPISHS FINAL CONSUMPTION EXPENDITURE,,,ICP,,World Bank (forthcoming),https://databank.worldbank.org/source/icp-2021,ICP,,World Bank (forthcoming),https://databank.worldbank.org/source/icp-2021,"ClassificationName: Purchasing power parity (PPP) (US$ = 1), SeriesCode: 9100000"
Niue,NIU,National,,,,1.7300197,1.7300197,,,,,,,2,1,1,,,9100000:HOUSEHOLDS AND NPISHS FINAL CONSUMPTION EXPENDITURE,,,,,,,,,,,
Netherlands,NLD,National,.912618,.869139,.86913912,.87479264,.87479264,.84954226,.84954226,.79715842,.79715842,1,1,2,1,1,.91,.869139,9100000:HOUSEHOLDS AND NPISHS FINAL CONSUMPTION EXPENDITURE,,,ICP,,World Bank (forthcoming),https://databank.worldbank.org/source/icp-2021,ICP,,World Bank (forthcoming),https://databank.worldbank.org/source/icp-2021,"ClassificationName: Purchasing power parity (PPP) (US$ = 1), SeriesCode: 9100000"
Norway,NOR,National,9.79657,9.7972,9.7971986,9.8160286,9.8160286,10.742805,10.742805,10.036752,10.036752,1,1,2,1,1,9.8,9.7972,9100000:HOUSEHOLDS AND NPISHS FINAL CONSUMPTION EXPENDITURE,,,ICP,,World Bank (forthcoming),https://databank.worldbank.org/source/icp-2021,ICP,,World Bank (forthcoming),https://databank.worldbank.org/source/icp-2021,"ClassificationName: Purchasing power parity (PPP) (US$ = 1), SeriesCode: 9100000"
Nepal,NPL,National,26.4671,25.7593,25.759267,25.743326,25.743326,30.512932,30.512932,33.833214,33.833214,1,1,2,1,1,26.467,25.7593,9100000:HOUSEHOLDS AND NPISHS FINAL CONSUMPTION EXPENDITURE,,,ICP,,World Bank (forthcoming),https://databank.worldbank.org/source/icp-2021,ICP,,World Bank (forthcoming),https://databank.worldbank.org/source/icp-2021,"ClassificationName: Purchasing power parity (PPP) (US$ = 1), SeriesCode: 9100000"
Nauru,NRU,National,,,,1.2087977,1.2087977,,1.3760709,,1.3351406,,,2,1,1,,,9100000:HOUSEHOLDS AND NPISHS FINAL CONSUMPTION EXPENDITURE,,Revised 2017 - Dec 9 2021,PIP,Revised 2011 PPP extrapolated to 2017,Jolliffe et al. (2022),https://documents1.worldbank.org/curated/en/353811645450974574/pdf/Assessing-the-Impact-of-the-2017-PPPs-on-the-International-Poverty-Line-and-Global-Poverty.pdf,PIP,Revised 2011 PPP extrapolated to 2021,Jolliffe et al. (forthcoming),https://databank.worldbank.org/source/icp-2021,
New Zealand,NZL,National,1.59863,1.58917,1.5891747,1.5785433,1.5785433,1.5727068,1.5727068,1.5338255,1.5338255,1,1,2,1,1,,,9100000:HOUSEHOLDS AND NPISHS FINAL CONSUMPTION EXPENDITURE,,,ICP,,World Bank (forthcoming),https://databank.worldbank.org/source/icp-2021,ICP,,World Bank (forthcoming),https://databank.worldbank.org/source/icp-2021,"ClassificationName: Purchasing power parity (PPP) (US$ = 1), SeriesCode: 9100000"
Oman,OMN,National,.285671,.200034,.20003375,.20478335,.20478335,.21159683,.21159683,.20572034,.20572034,1,1,2,1,1,,,9100000:HOUSEHOLDS AND NPISHS FINAL CONSUMPTION EXPENDITURE,,,ICP,,World Bank (forthcoming),https://databank.worldbank.org/source/icp-2021,ICP,,World Bank (forthcoming),https://databank.worldbank.org/source/icp-2021,"ClassificationName: Purchasing power parity (PPP) (US$ = 1), SeriesCode: 9100000"
Pakistan,PAK,National,20.7119,25.4142,25.414252,25.495556,25.495556,33.250732,33.250732,42.527672,42.527672,1,1,2,1,1,20.712,25.4143,9100000:HOUSEHOLDS AND NPISHS FINAL CONSUMPTION EXPENDITURE,,,ICP,,World Bank (forthcoming),https://databank.worldbank.org/source/icp-2021,ICP,,World Bank (forthcoming),https://databank.worldbank.org/source/icp-2021,"ClassificationName: Purchasing power parity (PPP) (US$ = 1), SeriesCode: 9100000"
Panama,PAN,National,.611,.553408,.55340802,.55323857,.55323857,.50805253,.50805253,.5628714,.5628714,1,4,2,1,1,.611,.553408,9100000:HOUSEHOLDS AND NPISHS FINAL CONSUMPTION EXPENDITURE,,,ICP,,World Bank (forthcoming),https://databank.worldbank.org/source/icp-2021,ICP,,World Bank (forthcoming),https://databank.worldbank.org/source/icp-2021,"ClassificationName: Purchasing power parity (PPP) (US$ = 1), SeriesCode: 9100000"
Peru,PER,National,1.65345,1.56864,1.568639,1.5791774,1.5791774,1.8935827,1.8935827,1.9180728,1.9180728,1,1,2,1,1,1.653,1.56864,9100000:HOUSEHOLDS AND NPISHS FINAL CONSUMPTION EXPENDITURE,,,ICP,,World Bank (forthcoming),https://databank.worldbank.org/source/icp-2021,ICP,,World Bank (forthcoming),https://databank.worldbank.org/source/icp-2021,"ClassificationName: Purchasing power parity (PPP) (US$ = 1), SeriesCode: 9100000"
Philippines,PHL,National,24.1792,18.8733,18.873293,18.77212,18.77212,19.392517,19.392517,20.746237,20.746237,1,1,2,1,1,24.1792,18.8733,9100000:HOUSEHOLDS AND NPISHS FINAL CONSUMPTION EXPENDITURE,,,ICP,,World Bank (forthcoming),https://databank.worldbank.org/source/icp-2021,ICP,,World Bank (forthcoming),https://databank.worldbank.org/source/icp-2021,"ClassificationName: Purchasing power parity (PPP) (US$ = 1), SeriesCode: 9100000"
Palau,PLW,National,,,.89827422,.89827422,.89827422,.9305863,.9305863,,,1,,2,1,1,,,9100000:HOUSEHOLDS AND NPISHS FINAL CONSUMPTION EXPENDITURE,,,,,,,,,,,
Papua New Guinea,PNG,National,1.68708,2.13789,2.1378863,2.1378863,2.1378863,2.6999328,2.6999328,,2.9029944,1,4,2,1,1,1.68708,2.13789,9100000:HOUSEHOLDS AND NPISHS FINAL CONSUMPTION EXPENDITURE,,,PIP,Revised 2011 PPP extrapolated to 2017,Jolliffe et al. (2022),https://documents1.worldbank.org/curated/en/353811645450974574/pdf/Assessing-the-Impact-of-the-2017-PPPs-on-the-International-Poverty-Line-and-Global-Poverty.pdf,PIP,Revised 2011 PPP extrapolated to 2021,Jolliffe et al. (forthcoming),https://databank.worldbank.org/source/icp-2021,
Poland,POL,National,2.1549,1.93633,1.9363258,1.8946035,1.8946035,1.8422564,1.8422564,1.8580523,1.8580523,1,1,2,1,1,2.155,1.93633,9100000:HOUSEHOLDS AND NPISHS FINAL CONSUMPTION EXPENDITURE,,,ICP,,World Bank (forthcoming),https://databank.worldbank.org/source/icp-2021,ICP,,World Bank (forthcoming),https://databank.worldbank.org/source/icp-2021,"ClassificationName: Purchasing power parity (PPP) (US$ = 1), SeriesCode: 9100000"
Puerto Rico,PRI,National,,,.9728575,.96243635,.96243635,.97690055,.97690055,.8969323,.8969323,1,,2,1,1,,,9100000:HOUSEHOLDS AND NPISHS FINAL CONSUMPTION EXPENDITURE,,,ICP,,World Bank (forthcoming),https://databank.worldbank.org/source/icp-2021,ICP,,World Bank (forthcoming),https://databank.worldbank.org/source/icp-2021,"ClassificationName: Purchasing power parity (PPP) (US$ = 1), SeriesCode: 9100000"
Portugal,PRT,National,.744805,.703863,.7038629,.69032449,.69032449,.65742028,.65742028,.60999566,.60999566,1,1,2,1,1,.74,.703863,9100000:HOUSEHOLDS AND NPISHS FINAL CONSUMPTION EXPENDITURE,,,ICP,,World Bank (forthcoming),https://databank.worldbank.org/source/icp-2021,ICP,,World Bank (forthcoming),https://databank.worldbank.org/source/icp-2021,"ClassificationName: Purchasing power parity (PPP) (US$ = 1), SeriesCode: 9100000"
Paraguay,PRY,National,2127.8,2309.43,2309.43,2242.0962,2242.0962,2539.9849,2539.9849,2754.5078,2754.5078,1,1,2,1,1,2127.8,2309.44,9100000:HOUSEHOLDS AND NPISHS FINAL CONSUMPTION EXPENDITURE,,,ICP,,World Bank (forthcoming),https://databank.worldbank.org/source/icp-2021,ICP,,World Bank (forthcoming),https://databank.worldbank.org/source/icp-2021,"ClassificationName: Purchasing power parity (PPP) (US$ = 1), SeriesCode: 9100000"
West Bank and Gaza,PSE,National,2.13009,2.5228,2.5228,2.4379051,2.4379051,2.0663066,2.0663066,2.0073516,2.0073516,1,4,2,1,1,2.13009,2.00991,9100000:HOUSEHOLDS AND NPISHS FINAL CONSUMPTION EXPENDITURE,,,ICP,,World Bank (forthcoming),https://databank.worldbank.org/source/icp-2021,ICP,,World Bank (forthcoming),https://databank.worldbank.org/source/icp-2021,"ClassificationName: Purchasing power parity (PPP) (US$ = 1), SeriesCode: 9100000"
French Polynesia,PYF,National,,,119.59299,119.59299,119.59299,,,,,1,,2,1,1,,,9100000:HOUSEHOLDS AND NPISHS FINAL CONSUMPTION EXPENDITURE,,,,,,,,,,,
Qatar,QAT,National,3.64072,2.64035,2.6403451,2.9921165,2.9921165,2.8928125,2.8928125,2.9119482,2.9119482,1,1,2,1,1,,,9100000:HOUSEHOLDS AND NPISHS FINAL CONSUMPTION EXPENDITURE,,,ICP,,World Bank (forthcoming),https://databank.worldbank.org/source/icp-2021,ICP,,World Bank (forthcoming),https://databank.worldbank.org/source/icp-2021,"ClassificationName: Purchasing power parity (PPP) (US$ = 1), SeriesCode: 9100000"
Romania,ROU,National,1.71888,2.00052,2.0005156,1.8103925,1.8103925,1.8050318,1.8050318,1.8748021,1.8748021,1,1,2,1,1,1.719,2.00052,9100000:HOUSEHOLDS AND NPISHS FINAL CONSUMPTION EXPENDITURE,,,ICP,,World Bank (forthcoming),https://databank.worldbank.org/source/icp-2021,ICP,,World Bank (forthcoming),https://databank.worldbank.org/source/icp-2021,"ClassificationName: Purchasing power parity (PPP) (US$ = 1), SeriesCode: 9100000"
Russian Federation,RUS,National,13.3908,16.7691,16.769129,18.655039,18.655039,25.218302,25.218302,25.755531,25.755531,1,1,2,1,1,13.391,16.7691,9100000:HOUSEHOLDS AND NPISHS FINAL CONSUMPTION EXPENDITURE,,,ICP,,World Bank (forthcoming),https://databank.worldbank.org/source/icp-2021,ICP,,World Bank (forthcoming),https://databank.worldbank.org/source/icp-2021,"ClassificationName: Purchasing power parity (PPP) (US$ = 1), SeriesCode: 9100000"
Russian Federation (CIS),RUT,National,,,16.769129,,,,,,,1,,2,1,1,,,,,,,,,,,,,,
Rwanda,RWA,National,236.745,246.834,246.83437,251.30521,251.30521,293.70496,293.70496,291.59769,291.59769,1,1,2,1,1,,246.834,9100000:HOUSEHOLDS AND NPISHS FINAL CONSUMPTION EXPENDITURE,,,ICP,,World Bank (forthcoming),https://databank.worldbank.org/source/icp-2021,ICP,,World Bank (forthcoming),https://databank.worldbank.org/source/icp-2021,"ClassificationName: Purchasing power parity (PPP) (US$ = 1), SeriesCode: 9100000"
Saudi Arabia,SAU,National,2.90252,1.78535,1.7853502,1.5251217,1.5251217,1.7236159,1.7236159,2.0436528,2.0436528,1,1,2,1,1,,,9100000:HOUSEHOLDS AND NPISHS FINAL CONSUMPTION EXPENDITURE,,,ICP,,World Bank (forthcoming),https://databank.worldbank.org/source/icp-2021,ICP,,World Bank (forthcoming),https://databank.worldbank.org/source/icp-2021,"ClassificationName: Purchasing power parity (PPP) (US$ = 1), SeriesCode: 9100000"
Sudan,SDN,National,123.508,1.48553,1.4855296,1.4647601,1.4647601,5.3766003,6.464017,101.43378,119.24069,1,1,2,1,1,,1.48553,9100000:HOUSEHOLDS AND NPISHS FINAL CONSUMPTION EXPENDITURE,,Revised 2017 - Dec 9 2021,PIP,Average of official and imputed PPP,Jolliffe et al. (2022),https://documents1.worldbank.org/curated/en/353811645450974574/pdf/Assessing-the-Impact-of-the-2017-PPPs-on-the-International-Poverty-Line-and-Global-Poverty.pdf,PIP,Average of official and imputed PPP,Jolliffe et al. (forthcoming),https://databank.worldbank.org/source/icp-2021,
Sudan (Western Asia),SDO,National,,,1.4855296,,,,,,,1,,2,1,1,,,,,,,,,,,,,,
Senegal,SEN,National,298.245,246.107,246.10741,249.27759,249.27759,238.5777,238.5777,226.57628,226.57628,1,1,2,1,1,298.245,246.107,9100000:HOUSEHOLDS AND NPISHS FINAL CONSUMPTION EXPENDITURE,,,ICP,,World Bank (forthcoming),https://databank.worldbank.org/source/icp-2021,ICP,,World Bank (forthcoming),https://databank.worldbank.org/source/icp-2021,"ClassificationName: Purchasing power parity (PPP) (US$ = 1), SeriesCode: 9100000"
Singapore,SGP,National,1.46726,1.17097,1.1709695,1.092285,1.092285,1.0804853,1.0804853,1.0589119,1.0589119,1,1,2,1,1,,,9100000:HOUSEHOLDS AND NPISHS FINAL CONSUMPTION EXPENDITURE,,,ICP,,World Bank (forthcoming),https://databank.worldbank.org/source/icp-2021,ICP,,World Bank (forthcoming),https://databank.worldbank.org/source/icp-2021,"ClassificationName: Purchasing power parity (PPP) (US$ = 1), SeriesCode: 9100000"
Solomon Islands,SLB,National,3.91964,7.13107,7.1310741,7.1310741,7.1310741,7.7144025,7.7144025,,7.5465617,1,4,2,1,1,3.91964,7.13107,9100000:HOUSEHOLDS AND NPISHS FINAL CONSUMPTION EXPENDITURE,,,PIP,Revised 2011 PPP extrapolated to 2017,Jolliffe et al. (2022),https://documents1.worldbank.org/curated/en/353811645450974574/pdf/Assessing-the-Impact-of-the-2017-PPPs-on-the-International-Poverty-Line-and-Global-Poverty.pdf,PIP,Revised 2011 PPP extrapolated to 2021,Jolliffe et al. (forthcoming),https://databank.worldbank.org/source/icp-2021,
Sierra Leone,SLE,National,1396.21,1767.19,1767.1897,1825.528,1825.528,2128.5188,2128.5188,3170.7319,3170.7319,1,1,2,1,1,,1767.19,9100000:HOUSEHOLDS AND NPISHS FINAL CONSUMPTION EXPENDITURE,,,ICP,,World Bank (forthcoming),https://databank.worldbank.org/source/icp-2021,ICP,,World Bank (forthcoming),https://databank.worldbank.org/source/icp-2021,"ClassificationName: Purchasing power parity (PPP) (US$ = 1), SeriesCode: 9100000"
El Salvador,SLV,National,.549943,.530774,.53077351,.53724438,.53724438,.51499927,.51499927,.49425349,.49425349,1,4,2,1,1,.549943,.530774,9100000:HOUSEHOLDS AND NPISHS FINAL CONSUMPTION EXPENDITURE,,,ICP,,World Bank (forthcoming),https://databank.worldbank.org/source/icp-2021,ICP,,World Bank (forthcoming),https://databank.worldbank.org/source/icp-2021,"ClassificationName: Purchasing power parity (PPP) (US$ = 1), SeriesCode: 9100000"
,SMR,National,,,,,,,,.75723606,.75723606,,,2,,,,,,,,ICP,,World Bank (forthcoming),https://databank.worldbank.org/source/icp-2021,ICP,,World Bank (forthcoming),https://databank.worldbank.org/source/icp-2021,"ClassificationName: Purchasing power parity (PPP) (US$ = 1), SeriesCode: 9100000"
Somalia,SOM,National,,,10731.68,,10817.21,7861.3602,16761.504,.39910308,.39910308,1,,2,1,1,,,9100000:HOUSEHOLDS AND NPISHS FINAL CONSUMPTION EXPENDITURE,,Revised 2017 - June 6 2022,ICP,,World Bank (forthcoming),https://databank.worldbank.org/source/icp-2021,ICP,,World Bank (forthcoming),https://databank.worldbank.org/source/icp-2021,"ClassificationName: Purchasing power parity (PPP) (US$ = 1), SeriesCode: 9100000"
Serbia,SRB,National,34.3096,45.3696,45.36962,43.629128,43.629128,47.992275,47.992275,48.247284,48.247284,1,1,2,1,1,34.31,45.3696,9100000:HOUSEHOLDS AND NPISHS FINAL CONSUMPTION EXPENDITURE,,,ICP,,World Bank (forthcoming),https://databank.worldbank.org/source/icp-2021,ICP,,World Bank (forthcoming),https://databank.worldbank.org/source/icp-2021,"ClassificationName: Purchasing power parity (PPP) (US$ = 1), SeriesCode: 9100000"
South Sudan,SSD,National,,1.54337,1.543373,1.6237537,1.6237537,34.92003,34.92003,158.05214,158.05214,1,,2,1,1,,1.54337,9100000:HOUSEHOLDS AND NPISHS FINAL CONSUMPTION EXPENDITURE,,,ICP,,World Bank (forthcoming),https://databank.worldbank.org/source/icp-2021,ICP,,World Bank (forthcoming),https://databank.worldbank.org/source/icp-2021,"ClassificationName: Purchasing power parity (PPP) (US$ = 1), SeriesCode: 9100000"
Sao Tome and Principe,STP,National,6363.13,10194.8,10194.79,10.487408,10487.408,10.757074,11.428915,9.6174059,10.569404,1,1,2,1,1,,10194.8,9100000:HOUSEHOLDS AND NPISHS FINAL CONSUMPTION EXPENDITURE,,Revised 2017 - Dec 9 2021,PIP,Average of official and imputed PPP,Jolliffe et al. (2022),https://documents1.worldbank.org/curated/en/353811645450974574/pdf/Assessing-the-Impact-of-the-2017-PPPs-on-the-International-Poverty-Line-and-Global-Poverty.pdf,PIP,Average of official and imputed PPP,Jolliffe et al. (forthcoming),https://databank.worldbank.org/source/icp-2021,
Suriname,SUR,National,2.369,1.88482,1.884817,1.900207,1.900207,2.9342811,2.9342811,6.3350167,6.3350167,1,4,2,1,1,2.369,1.88482,9100000:HOUSEHOLDS AND NPISHS FINAL CONSUMPTION EXPENDITURE,,,ICP,,World Bank (forthcoming),https://databank.worldbank.org/source/icp-2021,ICP,,World Bank (forthcoming),https://databank.worldbank.org/source/icp-2021,"ClassificationName: Purchasing power parity (PPP) (US$ = 1), SeriesCode: 9100000"
Slovak Republic,SVK,National,18.8277,.567074,.56707428,.55574369,.55574369,.57934588,.57934588,.57026887,.57026887,1,1,2,1,1,18.83,17.0837,9100000:HOUSEHOLDS AND NPISHS FINAL CONSUMPTION EXPENDITURE,,,ICP,,World Bank (forthcoming),https://databank.worldbank.org/source/icp-2021,ICP,,World Bank (forthcoming),https://databank.worldbank.org/source/icp-2021,"ClassificationName: Purchasing power parity (PPP) (US$ = 1), SeriesCode: 9100000"
Slovenia,SVN,National,158.598,.681299,.68129896,.67749792,.67749792,.63893384,.63893384,.60028476,.60028476,1,1,2,1,1,158.6,163.266,9100000:HOUSEHOLDS AND NPISHS FINAL CONSUMPTION EXPENDITURE,,,ICP,,World Bank (forthcoming),https://databank.worldbank.org/source/icp-2021,ICP,,World Bank (forthcoming),https://databank.worldbank.org/source/icp-2021,"ClassificationName: Purchasing power parity (PPP) (US$ = 1), SeriesCode: 9100000"
Sweden,SWE,National,9.56148,9.105,9.1050015,9.0207529,9.0207529,9.2231607,9.2231607,8.9355316,8.9355316,1,1,2,1,1,9.56,9.105,9100000:HOUSEHOLDS AND NPISHS FINAL CONSUMPTION EXPENDITURE,,,ICP,,World Bank (forthcoming),https://databank.worldbank.org/source/icp-2021,ICP,,World Bank (forthcoming),https://databank.worldbank.org/source/icp-2021,"ClassificationName: Purchasing power parity (PPP) (US$ = 1), SeriesCode: 9100000"
Swaziland,SWZ,National,3.72736,4.04907,4.0490688,4.1123004,4.1123004,6.1177292,6.1177292,6.1890273,6.1890273,1,1,2,1,1,,4.04907,9100000:HOUSEHOLDS AND NPISHS FINAL CONSUMPTION EXPENDITURE,,,ICP,,World Bank (forthcoming),https://databank.worldbank.org/source/icp-2021,ICP,,World Bank (forthcoming),https://databank.worldbank.org/source/icp-2021,"ClassificationName: Purchasing power parity (PPP) (US$ = 1), SeriesCode: 9100000"
Sint Maarten,SXM,National,,1.67758,1.6775761,1.6303927,1.6303927,1.4882926,1.4882926,1.5371006,1.5371006,1,,2,1,1,,,9100000:HOUSEHOLDS AND NPISHS FINAL CONSUMPTION EXPENDITURE,,,ICP,,World Bank (forthcoming),https://databank.worldbank.org/source/icp-2021,ICP,,World Bank (forthcoming),https://databank.worldbank.org/source/icp-2021,"ClassificationName: Purchasing power parity (PPP) (US$ = 1), SeriesCode: 9100000"
Seychelles,SYC,National,,7.89513,7.8951284,8.23316,8.23316,9.0271254,9.0271254,9.8317938,9.8317938,1,,2,1,1,,7.89513,9100000:HOUSEHOLDS AND NPISHS FINAL CONSUMPTION EXPENDITURE,,,ICP,,World Bank (forthcoming),https://databank.worldbank.org/source/icp-2021,ICP,,World Bank (forthcoming),https://databank.worldbank.org/source/icp-2021,"ClassificationName: Purchasing power parity (PPP) (US$ = 1), SeriesCode: 9100000"
Syrian Arab Republic,SYR,National,24.6514,22.8866,22.88657,,22.2628,,151.77805,506.86374,506.86374,1,1,2,1,1,24.6514,22.8866,9100000:HOUSEHOLDS AND NPISHS FINAL CONSUMPTION EXPENDITURE,,Revised 2017 - Dec 9 2021,ICP,,World Bank (forthcoming),https://databank.worldbank.org/source/icp-2021,ICP,,World Bank (forthcoming),https://databank.worldbank.org/source/icp-2021,"ClassificationName: Purchasing power parity (PPP) (US$ = 1), SeriesCode: 9100000"
Turks and Caicos Islands,TCA,National,,1.28247,1.2824752,1.2598207,1.2598207,1.2459018,1.2459018,1.3171912,1.3171912,1,,2,1,1,,,9100000:HOUSEHOLDS AND NPISHS FINAL CONSUMPTION EXPENDITURE,,,ICP,,World Bank (forthcoming),https://databank.worldbank.org/source/icp-2021,ICP,,World Bank (forthcoming),https://databank.worldbank.org/source/icp-2021,"ClassificationName: Purchasing power parity (PPP) (US$ = 1), SeriesCode: 9100000"
Chad,TCD,National,327.568,251.296,251.29616,250.25089,250.25089,237.65642,237.65642,215.85715,215.85715,1,1,2,1,1,,251.296,9100000:HOUSEHOLDS AND NPISHS FINAL CONSUMPTION EXPENDITURE,,,ICP,,World Bank (forthcoming),https://databank.worldbank.org/source/icp-2021,ICP,,World Bank (forthcoming),https://databank.worldbank.org/source/icp-2021,"ClassificationName: Purchasing power parity (PPP) (US$ = 1), SeriesCode: 9100000"
Togo,TGO,National,282.257,232.215,232.21499,236.58667,236.58667,246.59648,246.59648,220.66768,220.66768,1,1,2,1,1,,232.215,9100000:HOUSEHOLDS AND NPISHS FINAL CONSUMPTION EXPENDITURE,,,ICP,,World Bank (forthcoming),https://databank.worldbank.org/source/icp-2021,ICP,,World Bank (forthcoming),https://databank.worldbank.org/source/icp-2021,"ClassificationName: Purchasing power parity (PPP) (US$ = 1), SeriesCode: 9100000"
Thailand,THA,National,17.4655,12.8444,12.844379,12.758684,12.758684,13.287307,13.287307,11.712121,11.712121,1,1,2,1,1,17.4655,12.8444,9100000:HOUSEHOLDS AND NPISHS FINAL CONSUMPTION EXPENDITURE,,,ICP,,World Bank (forthcoming),https://databank.worldbank.org/source/icp-2021,ICP,,World Bank (forthcoming),https://databank.worldbank.org/source/icp-2021,"ClassificationName: Purchasing power parity (PPP) (US$ = 1), SeriesCode: 9100000"
Tajikistan,TJK,National,.926889,1.88267,1.8826699,1.7864366,1.7864366,2.5948284,2.5948284,3.2182782,3.2182782,1,1,2,1,1,.9269,1.88267,9100000:HOUSEHOLDS AND NPISHS FINAL CONSUMPTION EXPENDITURE,,,ICP,,World Bank (forthcoming),https://databank.worldbank.org/source/icp-2021,ICP,,World Bank (forthcoming),https://databank.worldbank.org/source/icp-2021,"ClassificationName: Purchasing power parity (PPP) (US$ = 1), SeriesCode: 9100000"
Tokelau,TKL,National,,,,1.2183069,1.2183069,,,,,,,2,1,1,,,9100000:HOUSEHOLDS AND NPISHS FINAL CONSUMPTION EXPENDITURE,,,,,,,,,,,
Turkmenistan,TKM,National,4769,1.43611,1.527624,1.4624978,1.4624978,1.6630411,1.6630411,1.5721543,1.5721543,1,4,2,1,1,4769,1.43611,9100000:HOUSEHOLDS AND NPISHS FINAL CONSUMPTION EXPENDITURE,,,ICP,,World Bank (forthcoming),https://databank.worldbank.org/source/icp-2021,ICP,,World Bank (forthcoming),https://databank.worldbank.org/source/icp-2021,"ClassificationName: Purchasing power parity (PPP) (US$ = 1), SeriesCode: 9100000"
Timor-Leste,TLS,National,.490393,.561337,.5613374,.50209586,.50209586,.42312635,.57476765,.44554627,.55957931,1,4,2,1,1,.490393,.561337,9100000:HOUSEHOLDS AND NPISHS FINAL CONSUMPTION EXPENDITURE,,2011 PPP extrapolated to 2017  - Feb 21 2023,PIP & Country team,Revised 2011 PPP extrapolated to 2017,"Castaneda et al. (2023), Section 7",https://documents1.worldbank.org/curated/en/099923403272329672/pdf/IDU089370bcb048b9044fd0ab49037249b87aef6.pdf,PIP,Revised 2011 PPP extrapolated to 2021,World Bank (forthcoming),https://databank.worldbank.org/source/icp-2021,"ClassificationName: Purchasing power parity (PPP) (US$ = 1), SeriesCode: 9100000"
Tonga,TON,National,1.31245,1.63872,1.6387174,1.6387174,1.6387174,1.7135632,1.7135632,,1.7353351,1,4,2,1,1,1.31245,1.63872,9100000:HOUSEHOLDS AND NPISHS FINAL CONSUMPTION EXPENDITURE,,,PIP,Revised 2011 PPP extrapolated to 2017,Jolliffe et al. (2022),https://documents1.worldbank.org/curated/en/353811645450974574/pdf/Assessing-the-Impact-of-the-2017-PPPs-on-the-International-Poverty-Line-and-Global-Poverty.pdf,PIP,Revised 2011 PPP extrapolated to 2021,Jolliffe et al. (forthcoming),https://databank.worldbank.org/source/icp-2021,
Trinidad and Tobago,TTO,National,,4.61923,4.6192262,4.5204468,4.5204468,4.2115355,4.6616317,4.0619469,4.0619469,1,,2,1,1,,,9100000:HOUSEHOLDS AND NPISHS FINAL CONSUMPTION EXPENDITURE,,Revised 2017 - Dec 9 2021,PIP,Average of official and imputed PPP,Jolliffe et al. (2022),https://documents1.worldbank.org/curated/en/353811645450974574/pdf/Assessing-the-Impact-of-the-2017-PPPs-on-the-International-Poverty-Line-and-Global-Poverty.pdf,ICP,,World Bank (forthcoming),https://databank.worldbank.org/source/icp-2021,"ClassificationName: Purchasing power parity (PPP) (US$ = 1), SeriesCode: 9100000"
Tunisia,TUN,National,.69612,.696534,.69653375,.69683015,.69683015,.74227935,.74227935,.87312621,.87312621,1,1,2,1,1,.69612,.696534,9100000:HOUSEHOLDS AND NPISHS FINAL CONSUMPTION EXPENDITURE,,,ICP,,World Bank (forthcoming),https://databank.worldbank.org/source/icp-2021,ICP,,World Bank (forthcoming),https://databank.worldbank.org/source/icp-2021,"ClassificationName: Purchasing power parity (PPP) (US$ = 1), SeriesCode: 9100000"
Turkey,TUR,National,1.00145,1.16434,1.1643423,1.1346794,1.1346794,1.6467468,1.6467468,3.0232723,3.0232723,1,1,2,1,1,1.0014,1.16434,9100000:HOUSEHOLDS AND NPISHS FINAL CONSUMPTION EXPENDITURE,,,ICP,,World Bank (forthcoming),https://databank.worldbank.org/source/icp-2021,ICP,,World Bank (forthcoming),https://databank.worldbank.org/source/icp-2021,"ClassificationName: Purchasing power parity (PPP) (US$ = 1), SeriesCode: 9100000"
Tuvalu,TUV,National,,1.17277,1.1727708,1.1727708,1.1727708,,1.2509657,,1.2945261,1,,2,1,1,,1.17277,9100000:HOUSEHOLDS AND NPISHS FINAL CONSUMPTION EXPENDITURE,,Revised 2017 - Dec 9 2021,PIP,Revised 2011 PPP extrapolated to 2017,Jolliffe et al. (2022),https://documents1.worldbank.org/curated/en/353811645450974574/pdf/Assessing-the-Impact-of-the-2017-PPPs-on-the-International-Poverty-Line-and-Global-Poverty.pdf,PIP,Revised 2011 PPP extrapolated to 2021,Jolliffe et al. (forthcoming),https://databank.worldbank.org/source/icp-2021,
"Taiwan, China",TWN,National,22.6356,15.9948,15.994785,16.136278,16.136278,16.597717,16.597717,15.701569,15.701569,1,1,2,1,1,,,9100000:HOUSEHOLDS AND NPISHS FINAL CONSUMPTION EXPENDITURE,,,ICP,,World Bank (forthcoming),https://databank.worldbank.org/source/icp-2021,ICP,,World Bank (forthcoming),https://databank.worldbank.org/source/icp-2021,"ClassificationName: Purchasing power parity (PPP) (US$ = 1), SeriesCode: 9100000"
Tanzania,TZA,National,482.451,585.52,585.52037,588.78534,588.78534,754.62146,754.62146,681.85089,681.85089,1,1,2,1,1,,585.52,9100000:HOUSEHOLDS AND NPISHS FINAL CONSUMPTION EXPENDITURE,,,ICP,,World Bank (forthcoming),https://databank.worldbank.org/source/icp-2021,ICP,,World Bank (forthcoming),https://databank.worldbank.org/source/icp-2021,"ClassificationName: Purchasing power parity (PPP) (US$ = 1), SeriesCode: 9100000"
Uganda,UGA,National,744.618,946.89,946.89042,944.25555,944.25555,1221.0876,1221.0876,1315.2677,1315.2677,1,1,2,1,1,,946.89,9100000:HOUSEHOLDS AND NPISHS FINAL CONSUMPTION EXPENDITURE,,,ICP,,World Bank (forthcoming),https://databank.worldbank.org/source/icp-2021,ICP,,World Bank (forthcoming),https://databank.worldbank.org/source/icp-2021,"ClassificationName: Purchasing power parity (PPP) (US$ = 1), SeriesCode: 9100000"
Ukraine,UKR,National,1.70914,3.31123,3.3112317,3.1817422,3.1817422,7.0057392,7.0057392,8.6627035,8.6627035,1,1,2,1,1,1.709,3.31123,9100000:HOUSEHOLDS AND NPISHS FINAL CONSUMPTION EXPENDITURE,,,ICP,,World Bank (forthcoming),https://databank.worldbank.org/source/icp-2021,ICP,,World Bank (forthcoming),https://databank.worldbank.org/source/icp-2021,"ClassificationName: Purchasing power parity (PPP) (US$ = 1), SeriesCode: 9100000"
Uruguay,URY,National,15.3103,16.4238,16.42385,16.608438,16.608438,24.854317,24.854317,28.005487,28.005487,1,1,2,1,1,15.31,16.4238,9100000:HOUSEHOLDS AND NPISHS FINAL CONSUMPTION EXPENDITURE,,,ICP,,World Bank (forthcoming),https://databank.worldbank.org/source/icp-2021,ICP,,World Bank (forthcoming),https://databank.worldbank.org/source/icp-2021,"ClassificationName: Purchasing power parity (PPP) (US$ = 1), SeriesCode: 9100000"
United States,USA,National,1,1,1,1,1,1,1,1,1,1,1,2,1,1,,,9100000:HOUSEHOLDS AND NPISHS FINAL CONSUMPTION EXPENDITURE,,,ICP,,World Bank (forthcoming),https://databank.worldbank.org/source/icp-2021,ICP,,World Bank (forthcoming),https://databank.worldbank.org/source/icp-2021,"ClassificationName: Purchasing power parity (PPP) (US$ = 1), SeriesCode: 9100000"
Uzbekistan,UZB,National,376.07,635.709,635.7095,630.9931,630.9931,1521.4752,1521.4752,2906.5815,2906.5815,1,4,2,1,1,376.07,635.709,9100000:HOUSEHOLDS AND NPISHS FINAL CONSUMPTION EXPENDITURE,,,ICP,,World Bank (forthcoming),https://databank.worldbank.org/source/icp-2021,ICP,,World Bank (forthcoming),https://databank.worldbank.org/source/icp-2021,"ClassificationName: Purchasing power parity (PPP) (US$ = 1), SeriesCode: 9100000"
St. Vincent and the Grenadines,VCT,National,,2.03934,2.0393416,1.9981071,1.9981071,1.8068285,1.8068285,1.7284762,1.7284762,1,,2,1,1,,,9100000:HOUSEHOLDS AND NPISHS FINAL CONSUMPTION EXPENDITURE,,,ICP,,World Bank (forthcoming),https://databank.worldbank.org/source/icp-2021,ICP,,World Bank (forthcoming),https://databank.worldbank.org/source/icp-2021,"ClassificationName: Purchasing power parity (PPP) (US$ = 1), SeriesCode: 9100000"
"Venezuela, Republica Bolivariana de",VEN,National,1251.12,2.915,2.9150053,2.9436266,2.9436266,235.4026,315.90701,,1.552e+10,1,1,2,1,1,1251.12,2.915,9100000:HOUSEHOLDS AND NPISHS FINAL CONSUMPTION EXPENDITURE,,,PIP,Revised 2011 PPP extrapolated to 2017,Jolliffe et al. (2022),https://documents1.worldbank.org/curated/en/353811645450974574/pdf/Assessing-the-Impact-of-the-2017-PPPs-on-the-International-Poverty-Line-and-Global-Poverty.pdf,PIP,Revised 2011 PPP extrapolated to 2021,Jolliffe et al. (forthcoming),https://databank.worldbank.org/source/icp-2021,
"Virgin Islands, British",VGB,National,,1.2503,1.2503003,1.20364,1.20364,1.0959233,1.0959233,1.0209386,1.0209386,1,,2,1,1,,,9100000:HOUSEHOLDS AND NPISHS FINAL CONSUMPTION EXPENDITURE,,,ICP,,World Bank (forthcoming),https://databank.worldbank.org/source/icp-2021,ICP,,World Bank (forthcoming),https://databank.worldbank.org/source/icp-2021,"ClassificationName: Purchasing power parity (PPP) (US$ = 1), SeriesCode: 9100000"
,VIR,National,,,,,,,,1.0102797,1.0102797,,,2,,,,,,,,ICP,,World Bank (forthcoming),https://databank.worldbank.org/source/icp-2021,ICP,,World Bank (forthcoming),https://databank.worldbank.org/source/icp-2021,"ClassificationName: Purchasing power parity (PPP) (US$ = 1), SeriesCode: 9100000"
Vietnam,VNM,National,5919.89,7624.97,7624.9733,7528.3853,7528.3853,7807.6123,7807.6123,7510.8223,7510.8223,1,1,2,1,1,5919.89,7624.97,9100000:HOUSEHOLDS AND NPISHS FINAL CONSUMPTION EXPENDITURE,,,ICP,,World Bank (forthcoming),https://databank.worldbank.org/source/icp-2021,ICP,,World Bank (forthcoming),https://databank.worldbank.org/source/icp-2021,"ClassificationName: Purchasing power parity (PPP) (US$ = 1), SeriesCode: 9100000"
Vanuatu,VUT,National,69.3676,115.827,115.8271,115.8271,115.8271,117.36646,117.36646,,120.35159,1,4,2,1,1,69.3676,115.827,9100000:HOUSEHOLDS AND NPISHS FINAL CONSUMPTION EXPENDITURE,,,PIP,Revised 2011 PPP extrapolated to 2017,Jolliffe et al. (2022),https://documents1.worldbank.org/curated/en/353811645450974574/pdf/Assessing-the-Impact-of-the-2017-PPPs-on-the-International-Poverty-Line-and-Global-Poverty.pdf,PIP,Revised 2011 PPP extrapolated to 2021,Jolliffe et al. (forthcoming),https://databank.worldbank.org/source/icp-2021,
Wallis and Futuna,WLF,National,,,,141.98614,141.98614,,,,,,,2,1,1,,,9100000:HOUSEHOLDS AND NPISHS FINAL CONSUMPTION EXPENDITURE,,,,,,,,,,,
Samoa,WSM,National,1.87432,1.90028,1.9002778,1.9002778,1.9002778,1.8513255,1.8513255,,1.7888474,1,4,2,1,1,1.87432,1.90028,9100000:HOUSEHOLDS AND NPISHS FINAL CONSUMPTION EXPENDITURE,,,PIP,Revised 2011 PPP extrapolated to 2017,Jolliffe et al. (2022),https://documents1.worldbank.org/curated/en/353811645450974574/pdf/Assessing-the-Impact-of-the-2017-PPPs-on-the-International-Poverty-Line-and-Global-Poverty.pdf,PIP,Revised 2011 PPP extrapolated to 2021,Jolliffe et al. (forthcoming),https://databank.worldbank.org/source/icp-2021,
Kosovo,XKX,National,.5236,.348057,.3480566,.36651515,.36651515,.35656106,.35656106,.3902159,.3902159,1,4,2,1,1,.5236,.348057,9100000:HOUSEHOLDS AND NPISHS FINAL CONSUMPTION EXPENDITURE,,,ICP,,World Bank (forthcoming),https://databank.worldbank.org/source/icp-2021,ICP,,World Bank (forthcoming),https://databank.worldbank.org/source/icp-2021,"ClassificationName: Purchasing power parity (PPP) (US$ = 1), SeriesCode: 9100000"
"Yemen, Republic of",YEM,National,91.0625,82.0937,111.303,76.765999,109.5301,169.38649,255.68359,,572.01465,1,1,2,1,1,91.0625,87.8784,9100000:HOUSEHOLDS AND NPISHS FINAL CONSUMPTION EXPENDITURE,Aziz's imputation,,PIP,Revised 2011 PPP extrapolated to 2017,Jolliffe et al. (2022),https://documents1.worldbank.org/curated/en/353811645450974574/pdf/Assessing-the-Impact-of-the-2017-PPPs-on-the-International-Poverty-Line-and-Global-Poverty.pdf,PIP,Revised 2011 PPP extrapolated to 2021,Jolliffe et al. (forthcoming),https://databank.worldbank.org/source/icp-2021,
South Africa,ZAF,National,4.57165,5.06753,5.0675346,5.0311704,5.0311704,6.5493631,6.5493631,7.5245142,7.5245142,1,1,2,1,1,,5.06753,9100000:HOUSEHOLDS AND NPISHS FINAL CONSUMPTION EXPENDITURE,,,ICP,,World Bank (forthcoming),https://databank.worldbank.org/source/icp-2021,ICP,,World Bank (forthcoming),https://databank.worldbank.org/source/icp-2021,"ClassificationName: Purchasing power parity (PPP) (US$ = 1), SeriesCode: 9100000"
Zambia,ZMB,National,2830.33,2505.34,2505.3406,2.6114569,2611.4569,4.2238183,4.2238183,6.1895847,6.1895847,1,1,2,1,1,,2.50534,9100000:HOUSEHOLDS AND NPISHS FINAL CONSUMPTION EXPENDITURE,,,ICP,,World Bank (forthcoming),https://databank.worldbank.org/source/icp-2021,ICP,,World Bank (forthcoming),https://databank.worldbank.org/source/icp-2021,"ClassificationName: Purchasing power parity (PPP) (US$ = 1), SeriesCode: 9100000"
Zimbabwe,ZWE,National,47952.4,.535976,.53597631,.53541636,.53541636,.48502758,.48502758,.644238,.644238,1,1,2,1,1,,,9100000:HOUSEHOLDS AND NPISHS FINAL CONSUMPTION EXPENDITURE,,,ICP,,World Bank (forthcoming),https://databank.worldbank.org/source/icp-2021,ICP,,World Bank (forthcoming),https://databank.worldbank.org/source/icp-2021,"ClassificationName: Purchasing power parity (PPP) (US$ = 1), SeriesCode: 9100000"
